collectid,spp,sizeclass,count
108,to,<BH,53
108,to,<2.5,54
108,to,<5,30
108,to,<6,4
108,to,<7,1
108,to,<8,1
108,to,<9,1
108,to,<10,2
108,df,<BH,2
108,df,<2.5,14
108,df,<5,1
108,df,<6,0
108,df,<7,0
108,df,<8,0
108,df,<9,0
108,df,<10,0
108,gf,<BH,0
108,gf,<2.5,1
108,gf,<5,0
108,gf,<6,0
108,gf,<7,0
108,gf,<8,0
108,gf,<9,0
108,gf,<10,0
109,df,<BH,24
109,df,<2.5,9
109,df,<5,4
109,df,<6,1
109,df,<7,0
109,df,<8,0
109,df,<9,0
109,df,<10,0
109,to,<BH,6
109,to,<2.5,20
109,to,<5,4
109,to,<6,0
109,to,<7,0
109,to,<8,0
109,to,<9,1
109,to,<10,0
109,rw,<BH,4
109,rw,<2.5,11
109,rw,<5,1
109,rw,<6,0
109,rw,<7,0
109,rw,<8,0
109,rw,<9,0
109,rw,<10,0
109,md,<BH,0
109,md,<2.5,1
109,md,<5,0
109,md,<6,0
109,md,<7,0
109,md,<8,0
109,md,<9,0
109,md,<10,0
110,md,<BH,4
110,md,<2.5,0
110,md,<5,0
110,md,<6,0
110,md,<7,0
110,md,<8,0
110,md,<9,0
110,md,<10,0
110,to,<BH,9
110,to,<2.5,6
110,to,<5,2
110,to,<6,0
110,to,<7,0
110,to,<8,0
110,to,<9,0
110,to,<10,0
110,df,<BH,1
110,df,<2.5,0
110,df,<5,0
110,df,<6,0
110,df,<7,0
110,df,<8,0
110,df,<9,0
110,df,<10,0
110,rw,<BH,3
110,rw,<2.5,8
110,rw,<5,4
110,rw,<6,0
110,rw,<7,0
110,rw,<8,0
110,rw,<9,0
110,rw,<10,0
110,gf,<BH,0
110,gf,<2.5,8
110,gf,<5,6
110,gf,<6,1
110,gf,<7,0
110,gf,<8,0
110,gf,<9,1
110,gf,<10,2
110,wm,<BH,0
110,wm,<2.5,2
110,wm,<5,0
110,wm,<6,0
110,wm,<7,0
110,wm,<8,0
110,wm,<9,1
110,wm,<10,0
110,cb,<BH,1
110,cb,<2.5,0
110,cb,<5,0
110,cb,<6,0
110,cb,<7,0
110,cb,<8,0
110,cb,<9,0
110,cb,<10,0
111,to,<BH,24
111,to,<2.5,46
111,to,<5,20
111,to,<6,3
111,to,<7,7
111,to,<8,4
111,to,<9,0
111,to,<10,1
111,df,<BH,0
111,df,<2.5,10
111,df,<5,4
111,df,<6,0
111,df,<7,0
111,df,<8,0
111,df,<9,0
111,df,<10,0
111,rw,<BH,0
111,rw,<2.5,4
111,rw,<5,2
111,rw,<6,2
111,rw,<7,0
111,rw,<8,0
111,rw,<9,0
111,rw,<10,0
111,wm,<BH,0
111,wm,<2.5,1
111,wm,<5,0
111,wm,<6,0
111,wm,<7,0
111,wm,<8,0
111,wm,<9,0
111,wm,<10,0
112,to,<BH,7
112,to,<2.5,15
112,to,<5,4
112,to,<6,1
112,to,<7,0
112,to,<8,1
112,to,<9,0
112,to,<10,0
112,df,<BH,8
112,df,<2.5,5
112,df,<5,4
112,df,<6,0
112,df,<7,1
112,df,<8,0
112,df,<9,0
112,df,<10,1
112,rw,<BH,0
112,rw,<2.5,2
112,rw,<5,0
112,rw,<6,0
112,rw,<7,0
112,rw,<8,0
112,rw,<9,0
112,rw,<10,0
112,gf,<BH,0
112,gf,<2.5,3
112,gf,<5,2
112,gf,<6,2
112,gf,<7,0
112,gf,<8,1
112,gf,<9,1
112,gf,<10,0
113,rw,<BH,3
113,rw,<2.5,1
113,rw,<5,4
113,rw,<6,0
113,rw,<7,1
113,rw,<8,0
113,rw,<9,1
113,rw,<10,0
113,to,<BH,28
113,to,<2.5,95
113,to,<5,14
113,to,<6,4
113,to,<7,0
113,to,<8,1
113,to,<9,1
113,to,<10,3
113,df,<BH,24
113,df,<2.5,23
113,df,<5,2
113,df,<6,0
113,df,<7,0
113,df,<8,0
113,df,<9,0
113,df,<10,0
113,gf,<BH,0
113,gf,<2.5,2
113,gf,<5,0
113,gf,<6,0
113,gf,<7,0
113,gf,<8,0
113,gf,<9,0
113,gf,<10,0
114,to,<BH,13
114,to,<2.5,37
114,to,<5,21
114,to,<6,14
114,to,<7,2
114,to,<8,1
114,to,<9,2
114,to,<10,0
114,cb,<BH,2
114,cb,<2.5,0
114,cb,<5,4
114,cb,<6,2
114,cb,<7,0
114,cb,<8,1
114,cb,<9,0
114,cb,<10,0
114,df,<BH,6
114,df,<2.5,14
114,df,<5,4
114,df,<6,0
114,df,<7,0
114,df,<8,0
114,df,<9,0
114,df,<10,0
114,gf,<BH,1
114,gf,<2.5,0
114,gf,<5,1
114,gf,<6,0
114,gf,<7,0
114,gf,<8,0
114,gf,<9,1
114,gf,<10,0
114,sx,<BH,0
114,sx,<2.5,1
114,sx,<5,4
114,sx,<6,2
114,sx,<7,0
114,sx,<8,3
114,sx,<9,2
114,sx,<10,1
114,rw,<BH,0
114,rw,<2.5,0
114,rw,<5,0
114,rw,<6,0
114,rw,<7,0
114,rw,<8,0
114,rw,<9,1
114,rw,<10,1
115,rw,<BH,5
115,rw,<2.5,23
115,rw,<5,6
115,rw,<6,1
115,rw,<7,0
115,rw,<8,0
115,rw,<9,0
115,rw,<10,0
115,to,<BH,23
115,to,<2.5,41
115,to,<5,3
115,to,<6,1
115,to,<7,1
115,to,<8,1
115,to,<9,0
115,to,<10,0
115,gc,<BH,7
115,gc,<2.5,2
115,gc,<5,0
115,gc,<6,0
115,gc,<7,0
115,gc,<8,0
115,gc,<9,0
115,gc,<10,0
116,to,<BH,39
116,to,<2.5,87
116,to,<5,12
116,to,<6,1
116,to,<7,2
116,to,<8,2
116,to,<9,0
116,to,<10,0
116,df,<BH,1
116,df,<2.5,1
116,df,<5,0
116,df,<6,0
116,df,<7,0
116,df,<8,0
116,df,<9,0
116,df,<10,0
116,rw,<BH,0
116,rw,<2.5,0
116,rw,<5,0
116,rw,<6,0
116,rw,<7,0
116,rw,<8,0
116,rw,<9,1
116,rw,<10,0
117,to,<BH,11
117,to,<2.5,20
117,to,<5,6
117,to,<6,7
117,to,<7,1
117,to,<8,0
117,to,<9,1
117,to,<10,0
117,df,<BH,16
117,df,<2.5,47
117,df,<5,8
117,df,<6,0
117,df,<7,1
117,df,<8,0
117,df,<9,0
117,df,<10,0
117,rw,<BH,0
117,rw,<2.5,4
117,rw,<5,4
117,rw,<6,1
117,rw,<7,1
117,rw,<8,0
117,rw,<9,0
117,rw,<10,0
118,to,<BH,20
118,to,<2.5,53
118,to,<5,49
118,to,<6,13
118,to,<7,0
118,to,<8,4
118,to,<9,1
118,to,<10,1
118,df,<BH,3
118,df,<2.5,2
118,df,<5,0
118,df,<6,0
118,df,<7,0
118,df,<8,0
118,df,<9,0
118,df,<10,0
119,to,<BH,111
119,to,<2.5,28
119,to,<5,0
119,to,<6,4
119,to,<7,2
119,to,<8,0
119,to,<9,1
119,to,<10,0
119,gf,<BH,7
119,gf,<2.5,0
119,gf,<5,0
119,gf,<6,0
119,gf,<7,0
119,gf,<8,0
119,gf,<9,0
119,gf,<10,0
119,df,<BH,4
119,df,<2.5,0
119,df,<5,0
119,df,<6,0
119,df,<7,0
119,df,<8,0
119,df,<9,0
119,df,<10,0
119,rw,<BH,2
119,rw,<2.5,2
119,rw,<5,3
119,rw,<6,1
119,rw,<7,0
119,rw,<8,0
119,rw,<9,0
119,rw,<10,1
119,cb,<BH,6
119,cb,<2.5,2
119,cb,<5,0
119,cb,<6,0
119,cb,<7,0
119,cb,<8,0
119,cb,<9,0
119,cb,<10,0
120,to,<BH,17
120,to,<2.5,39
120,to,<5,3
120,to,<6,0
120,to,<7,0
120,to,<8,1
120,to,<9,2
120,to,<10,0
120,cb,<BH,1
120,cb,<2.5,0
120,cb,<5,0
120,cb,<6,0
120,cb,<7,0
120,cb,<8,0
120,cb,<9,0
120,cb,<10,0
120,rw,<BH,8
120,rw,<2.5,2
120,rw,<5,0
120,rw,<6,0
120,rw,<7,0
120,rw,<8,0
120,rw,<9,0
120,rw,<10,0
121,to,<BH,59
121,to,<2.5,44
121,to,<5,9
121,to,<6,3
121,to,<7,0
121,to,<8,0
121,to,<9,0
121,to,<10,0
121,rw,<BH,16
121,rw,<2.5,6
121,rw,<5,5
121,rw,<6,3
121,rw,<7,0
121,rw,<8,2
121,rw,<9,0
121,rw,<10,2
121,md,<BH,10
121,md,<2.5,0
121,md,<5,0
121,md,<6,0
121,md,<7,0
121,md,<8,0
121,md,<9,0
121,md,<10,0
121,df,<BH,3
121,df,<2.5,0
121,df,<5,0
121,df,<6,0
121,df,<7,0
121,df,<8,0
121,df,<9,0
121,df,<10,0
122,df,<BH,3
122,df,<2.5,7
122,df,<5,2
122,df,<6,0
122,df,<7,0
122,df,<8,0
122,df,<9,0
122,df,<10,0
122,to,<BH,33
122,to,<2.5,20
122,to,<5,4
122,to,<6,2
122,to,<7,0
122,to,<8,0
122,to,<9,0
122,to,<10,1
122,md,<BH,1
122,md,<2.5,0
122,md,<5,0
122,md,<6,0
122,md,<7,0
122,md,<8,0
122,md,<9,0
122,md,<10,0
122,gf,<BH,2
122,gf,<2.5,2
122,gf,<5,3
122,gf,<6,0
122,gf,<7,1
122,gf,<8,0
122,gf,<9,0
122,gf,<10,0
122,rw,<BH,0
122,rw,<2.5,4
122,rw,<5,0
122,rw,<6,0
122,rw,<7,0
122,rw,<8,0
122,rw,<9,0
122,rw,<10,0
328,gf,<BH,8
328,gf,<2.5,2
328,gf,<5,2
328,gf,<6,2
328,gf,<7,0
328,gf,<8,0
328,gf,<9,1
328,gf,<10,0
328,to,<BH,8
328,to,<2.5,7
328,to,<5,15
328,to,<6,5
328,to,<7,7
328,to,<8,0
328,to,<9,1
328,to,<10,0
328,rw,<BH,4
328,rw,<2.5,2
328,rw,<5,5
328,rw,<6,4
328,rw,<7,1
328,rw,<8,1
328,rw,<9,2
328,rw,<10,2
328,cb,<BH,1
328,cb,<2.5,0
328,cb,<5,0
328,cb,<6,0
328,cb,<7,0
328,cb,<8,0
328,cb,<9,0
328,cb,<10,0
328,md,<BH,0
328,md,<2.5,0
328,md,<5,1
328,md,<6,0
328,md,<7,0
328,md,<8,0
328,md,<9,0
328,md,<10,0
328,df,<BH,0
328,df,<2.5,5
328,df,<5,3
328,df,<6,0
328,df,<7,1
328,df,<8,0
328,df,<9,0
328,df,<10,0
329,df,<BH,12
329,df,<2.5,26
329,df,<5,7
329,df,<6,1
329,df,<7,1
329,df,<8,0
329,df,<9,0
329,df,<10,0
329,to,<BH,13
329,to,<2.5,25
329,to,<5,8
329,to,<6,5
329,to,<7,2
329,to,<8,3
329,to,<9,2
329,to,<10,0
329,cb,<BH,2
329,cb,<2.5,0
329,cb,<5,0
329,cb,<6,0
329,cb,<7,0
329,cb,<8,0
329,cb,<9,0
329,cb,<10,0
329,gf,<BH,0
329,gf,<2.5,2
329,gf,<5,2
329,gf,<6,1
329,gf,<7,1
329,gf,<8,0
329,gf,<9,0
329,gf,<10,0
329,rw,<BH,8
329,rw,<2.5,20
329,rw,<5,9
329,rw,<6,0
329,rw,<7,1
329,rw,<8,0
329,rw,<9,0
329,rw,<10,0
123,rw,<BH,2
123,rw,<2.5,3
123,rw,<5,1
123,rw,<6,1
123,rw,<7,0
123,rw,<8,0
123,rw,<9,0
123,rw,<10,0
123,to,<BH,28
123,to,<2.5,46
123,to,<5,13
123,to,<6,3
123,to,<7,0
123,to,<8,0
123,to,<9,0
123,to,<10,0
123,df,<BH,6
123,df,<2.5,14
123,df,<5,0
123,df,<6,0
123,df,<7,0
123,df,<8,0
123,df,<9,0
123,df,<10,0
123,gf,<BH,2
123,gf,<2.5,4
123,gf,<5,2
123,gf,<6,0
123,gf,<7,0
123,gf,<8,0
123,gf,<9,0
123,gf,<10,0
124,rw,<BH,0
124,rw,<2.5,3
124,rw,<5,3
124,rw,<6,0
124,rw,<7,0
124,rw,<8,0
124,rw,<9,0
124,rw,<10,0
124,to,<BH,10
124,to,<2.5,11
124,to,<5,13
124,to,<6,0
124,to,<7,4
124,to,<8,2
124,to,<9,0
124,to,<10,0
124,df,<BH,38
124,df,<2.5,45
124,df,<5,7
124,df,<6,1
124,df,<7,0
124,df,<8,0
124,df,<9,0
124,df,<10,0
124,gf,<BH,13
124,gf,<2.5,3
124,gf,<5,3
124,gf,<6,0
124,gf,<7,0
124,gf,<8,0
124,gf,<9,0
124,gf,<10,0
125,rw,<BH,2
125,rw,<2.5,2
125,rw,<5,7
125,rw,<6,6
125,rw,<7,7
125,rw,<8,0
125,rw,<9,1
125,rw,<10,3
125,to,<BH,6
125,to,<2.5,15
125,to,<5,11
125,to,<6,12
125,to,<7,12
125,to,<8,0
125,to,<9,4
125,to,<10,2
125,df,<BH,3
125,df,<2.5,27
125,df,<5,7
125,df,<6,2
125,df,<7,0
125,df,<8,0
125,df,<9,0
125,df,<10,0
125,gf,<BH,3
125,gf,<2.5,1
125,gf,<5,0
125,gf,<6,0
125,gf,<7,0
125,gf,<8,0
125,gf,<9,0
125,gf,<10,0
126,rw,<BH,0
126,rw,<2.5,2
126,rw,<5,4
126,rw,<6,8
126,rw,<7,4
126,rw,<8,0
126,rw,<9,0
126,rw,<10,0
126,to,<BH,18
126,to,<2.5,32
126,to,<5,14
126,to,<6,8
126,to,<7,12
126,to,<8,5
126,to,<9,0
126,to,<10,3
126,df,<BH,1
126,df,<2.5,6
126,df,<5,2
126,df,<6,0
126,df,<7,2
126,df,<8,0
126,df,<9,0
126,df,<10,0
126,gf,<BH,0
126,gf,<2.5,0
126,gf,<5,1
126,gf,<6,0
126,gf,<7,0
126,gf,<8,0
126,gf,<9,0
126,gf,<10,0
127,rw,<BH,0
127,rw,<2.5,2
127,rw,<5,3
127,rw,<6,0
127,rw,<7,2
127,rw,<8,0
127,rw,<9,0
127,rw,<10,0
127,to,<BH,17
127,to,<2.5,14
127,to,<5,38
127,to,<6,21
127,to,<7,14
127,to,<8,6
127,to,<9,0
127,to,<10,2
127,df,<BH,3
127,df,<2.5,14
127,df,<5,5
127,df,<6,2
127,df,<7,3
127,df,<8,0
127,df,<9,0
127,df,<10,0
127,gf,<BH,1
127,gf,<2.5,0
127,gf,<5,1
127,gf,<6,0
127,gf,<7,0
127,gf,<8,1
127,gf,<9,0
127,gf,<10,0
348,to,<BH,18
348,to,<2.5,7
348,to,<5,3
348,to,<6,0
348,to,<7,1
348,to,<8,1
348,to,<9,0
348,to,<10,0
348,rw,<BH,7
348,rw,<2.5,0
348,rw,<5,0
348,rw,<6,0
348,rw,<7,0
348,rw,<8,0
348,rw,<9,0
348,rw,<10,0
348,df,<BH,3
348,df,<2.5,13
348,df,<5,8
348,df,<6,1
348,df,<7,2
348,df,<8,2
348,df,<9,0
348,df,<10,3
348,gf,<BH,1
348,gf,<2.5,9
348,gf,<5,4
348,gf,<6,0
348,gf,<7,0
348,gf,<8,0
348,gf,<9,0
348,gf,<10,0
348,cn,<BH,1
348,cn,<2.5,0
348,cn,<5,0
348,cn,<6,0
348,cn,<7,0
348,cn,<8,0
348,cn,<9,0
348,cn,<10,0
349,to,<BH,65
349,to,<2.5,54
349,to,<5,26
349,to,<6,3
349,to,<7,4
349,to,<8,4
349,to,<9,0
349,to,<10,0
349,md,<BH,71
349,md,<2.5,0
349,md,<5,0
349,md,<6,0
349,md,<7,0
349,md,<8,0
349,md,<9,0
349,md,<10,0
349,df,<BH,27
349,df,<2.5,4
349,df,<5,0
349,df,<6,0
349,df,<7,0
349,df,<8,0
349,df,<9,0
349,df,<10,0
349,rw,<BH,2
349,rw,<2.5,0
349,rw,<5,0
349,rw,<6,0
349,rw,<7,0
349,rw,<8,0
349,rw,<9,0
349,rw,<10,0
350,rw,<BH,2
350,rw,<2.5,38
350,rw,<5,10
350,rw,<6,2
350,rw,<7,0
350,rw,<8,0
350,rw,<9,0
350,rw,<10,0
350,to,<BH,10
350,to,<2.5,43
350,to,<5,5
350,to,<6,0
350,to,<7,0
350,to,<8,0
350,to,<9,0
350,to,<10,0
350,df,<BH,16
350,df,<2.5,35
350,df,<5,2
350,df,<6,1
350,df,<7,2
350,df,<8,0
350,df,<9,0
350,df,<10,0
350,md,<BH,5
350,md,<2.5,1
350,md,<5,0
350,md,<6,0
350,md,<7,0
350,md,<8,0
350,md,<9,0
350,md,<10,0
350,gf,<BH,1
350,gf,<2.5,2
350,gf,<5,1
350,gf,<6,0
350,gf,<7,0
350,gf,<8,0
350,gf,<9,0
350,gf,<10,0
324,to,<BH,9
324,to,<2.5,15
324,to,<5,0
324,to,<6,0
324,to,<7,0
324,to,<8,0
324,to,<9,0
324,to,<10,0
324,gf,<BH,6
324,gf,<2.5,2
324,gf,<5,3
324,gf,<6,0
324,gf,<7,0
324,gf,<8,0
324,gf,<9,0
324,gf,<10,0
324,rw,<BH,15
324,rw,<2.5,6
324,rw,<5,0
324,rw,<6,0
324,rw,<7,0
324,rw,<8,0
324,rw,<9,0
324,rw,<10,0
324,df,<BH,12
324,df,<2.5,27
324,df,<5,10
324,df,<6,6
324,df,<7,2
324,df,<8,1
324,df,<9,1
324,df,<10,2
325,to,<BH,15
325,to,<2.5,86
325,to,<5,0
325,to,<6,0
325,to,<7,0
325,to,<8,0
325,to,<9,0
325,to,<10,0
325,df,<BH,10
325,df,<2.5,0
325,df,<5,0
325,df,<6,0
325,df,<7,0
325,df,<8,0
325,df,<9,0
325,df,<10,0
128,rw,<BH,5
128,rw,<2.5,4
128,rw,<5,10
128,rw,<6,0
128,rw,<7,3
128,rw,<8,1
128,rw,<9,0
128,rw,<10,0
128,to,<BH,3
128,to,<2.5,8
128,to,<5,10
128,to,<6,4
128,to,<7,13
128,to,<8,0
128,to,<9,6
128,to,<10,2
128,df,<BH,10
128,df,<2.5,16
128,df,<5,5
128,df,<6,0
128,df,<7,0
128,df,<8,0
128,df,<9,0
128,df,<10,2
128,gf,<BH,1
128,gf,<2.5,6
128,gf,<5,0
128,gf,<6,1
128,gf,<7,1
128,gf,<8,0
128,gf,<9,0
128,gf,<10,0
129,rw,<BH,4
129,rw,<2.5,16
129,rw,<5,14
129,rw,<6,3
129,rw,<7,2
129,rw,<8,1
129,rw,<9,0
129,rw,<10,0
129,to,<BH,8
129,to,<2.5,18
129,to,<5,17
129,to,<6,6
129,to,<7,4
129,to,<8,2
129,to,<9,0
129,to,<10,1
129,df,<BH,2
129,df,<2.5,3
129,df,<5,3
129,df,<6,0
129,df,<7,0
129,df,<8,0
129,df,<9,0
129,df,<10,0
129,gf,<BH,9
129,gf,<2.5,8
129,gf,<5,9
129,gf,<6,2
129,gf,<7,0
129,gf,<8,0
129,gf,<9,0
129,gf,<10,0
130,rw,<BH,0
130,rw,<2.5,11
130,rw,<5,6
130,rw,<6,0
130,rw,<7,3
130,rw,<8,2
130,rw,<9,0
130,rw,<10,1
130,to,<BH,10
130,to,<2.5,15
130,to,<5,13
130,to,<6,9
130,to,<7,8
130,to,<8,0
130,to,<9,2
130,to,<10,0
130,df,<BH,6
130,df,<2.5,20
130,df,<5,2
130,df,<6,0
130,df,<7,0
130,df,<8,0
130,df,<9,0
130,df,<10,0
130,gf,<BH,13
130,gf,<2.5,26
130,gf,<5,2
130,gf,<6,0
130,gf,<7,0
130,gf,<8,0
130,gf,<9,0
130,gf,<10,0
131,rw,<BH,0
131,rw,<2.5,0
131,rw,<5,0
131,rw,<6,2
131,rw,<7,1
131,rw,<8,0
131,rw,<9,0
131,rw,<10,0
131,to,<BH,36
131,to,<2.5,29
131,to,<5,11
131,to,<6,1
131,to,<7,2
131,to,<8,3
131,to,<9,1
131,to,<10,0
131,df,<BH,2
131,df,<2.5,0
131,df,<5,1
131,df,<6,0
131,df,<7,0
131,df,<8,0
131,df,<9,0
131,df,<10,0
131,gf,<BH,3
131,gf,<2.5,8
131,gf,<5,5
131,gf,<6,2
131,gf,<7,0
131,gf,<8,0
131,gf,<9,0
131,gf,<10,0
132,rw,<BH,0
132,rw,<2.5,2
132,rw,<5,1
132,rw,<6,2
132,rw,<7,4
132,rw,<8,2
132,rw,<9,0
132,rw,<10,2
132,to,<BH,16
132,to,<2.5,14
132,to,<5,34
132,to,<6,16
132,to,<7,11
132,to,<8,7
132,to,<9,0
132,to,<10,1
132,df,<BH,3
132,df,<2.5,4
132,df,<5,1
132,df,<6,0
132,df,<7,1
132,df,<8,0
132,df,<9,0
132,df,<10,0
132,gf,<BH,0
132,gf,<2.5,5
132,gf,<5,2
132,gf,<6,0
132,gf,<7,0
132,gf,<8,0
132,gf,<9,0
132,gf,<10,0
132,md,<BH,0
132,md,<2.5,0
132,md,<5,3
132,md,<6,0
132,md,<7,1
132,md,<8,0
132,md,<9,0
132,md,<10,0
484,rw,<BH,0
484,rw,<2.5,4
484,rw,<5,3
484,rw,<6,0
484,rw,<7,0
484,rw,<8,0
484,rw,<9,1
484,rw,<10,0
485,df,<BH,1
485,df,<2.5,3
485,df,<5,0
485,df,<6,0
485,df,<7,1
485,df,<8,0
485,df,<9,2
485,df,<10,2
485,gf,<BH,7
485,gf,<2.5,0
485,gf,<5,1
485,gf,<6,0
485,gf,<7,0
485,gf,<8,0
485,gf,<9,0
485,gf,<10,0
485,to,<BH,34
485,to,<2.5,11
485,to,<5,7
485,to,<6,0
485,to,<7,1
485,to,<8,0
485,to,<9,0
485,to,<10,0
485,rw,<BH,9
485,rw,<2.5,4
485,rw,<5,0
485,rw,<6,0
485,rw,<7,0
485,rw,<8,0
485,rw,<9,0
485,rw,<10,0
485,wm,<BH,0
485,wm,<2.5,0
485,wm,<5,1
485,wm,<6,0
485,wm,<7,2
485,wm,<8,0
485,wm,<9,0
485,wm,<10,0
481,df,<BH,63
481,df,<2.5,2
481,df,<5,1
481,df,<6,0
481,df,<7,0
481,df,<8,0
481,df,<9,0
481,df,<10,2
481,to,<BH,23
481,to,<2.5,10
481,to,<5,0
481,to,<6,1
481,to,<7,0
481,to,<8,0
481,to,<9,0
481,to,<10,0
481,gf,<BH,1
481,gf,<2.5,6
481,gf,<5,1
481,gf,<6,0
481,gf,<7,0
481,gf,<8,0
481,gf,<9,1
481,gf,<10,0
481,rw,<BH,0
481,rw,<2.5,12
481,rw,<5,2
481,rw,<6,0
481,rw,<7,0
481,rw,<8,0
481,rw,<9,0
481,rw,<10,0
481,md,<BH,0
481,md,<2.5,1
481,md,<5,0
481,md,<6,0
481,md,<7,0
481,md,<8,0
481,md,<9,0
481,md,<10,0
482,rw,<BH,6
482,rw,<2.5,10
482,rw,<5,4
482,rw,<6,0
482,rw,<7,0
482,rw,<8,1
482,rw,<9,1
482,rw,<10,0
482,to,<BH,4
482,to,<2.5,18
482,to,<5,11
482,to,<6,0
482,to,<7,1
482,to,<8,0
482,to,<9,0
482,to,<10,2
482,gf,<BH,1
482,gf,<2.5,3
482,gf,<5,4
482,gf,<6,0
482,gf,<7,1
482,gf,<8,0
482,gf,<9,1
482,gf,<10,0
482,df,<BH,3
482,df,<2.5,4
482,df,<5,0
482,df,<6,1
482,df,<7,1
482,df,<8,1
482,df,<9,2
482,df,<10,2
482,md,<BH,0
482,md,<2.5,1
482,md,<5,0
482,md,<6,0
482,md,<7,0
482,md,<8,0
482,md,<9,0
482,md,<10,0
482,wm,<BH,0
482,wm,<2.5,0
482,wm,<5,0
482,wm,<6,1
482,wm,<7,0
482,wm,<8,0
482,wm,<9,0
482,wm,<10,0
483,df,<BH,2
483,df,<2.5,8
483,df,<5,0
483,df,<6,6
483,df,<7,1
483,df,<8,1
483,df,<9,0
483,df,<10,1
483,to,<BH,11
483,to,<2.5,38
483,to,<5,0
483,to,<6,21
483,to,<7,1
483,to,<8,1
483,to,<9,0
483,to,<10,0
483,rw,<BH,0
483,rw,<2.5,0
483,rw,<5,0
483,rw,<6,1
483,rw,<7,0
483,rw,<8,0
483,rw,<9,1
483,rw,<10,0
483,gf,<BH,0
483,gf,<2.5,2
483,gf,<5,0
483,gf,<6,0
483,gf,<7,1
483,gf,<8,0
483,gf,<9,0
483,gf,<10,0
484,df,<BH,67
484,df,<2.5,0
484,df,<5,1
484,df,<6,0
484,df,<7,0
484,df,<8,0
484,df,<9,0
484,df,<10,0
484,gf,<BH,4
484,gf,<2.5,0
484,gf,<5,0
484,gf,<6,0
484,gf,<7,0
484,gf,<8,0
484,gf,<9,0
484,gf,<10,0
484,to,<BH,66
484,to,<2.5,39
484,to,<5,7
484,to,<6,3
484,to,<7,3
484,to,<8,0
484,to,<9,2
484,to,<10,3
378,to,<BH,44
378,to,<2.5,42
378,to,<5,3
378,to,<6,2
378,to,<7,0
378,to,<8,1
378,to,<9,0
378,to,<10,0
378,rw,<BH,10
378,rw,<2.5,61
378,rw,<5,22
378,rw,<6,1
378,rw,<7,1
378,rw,<8,3
378,rw,<9,2
378,rw,<10,4
378,df,<BH,4
378,df,<2.5,0
378,df,<5,6
378,df,<6,1
378,df,<7,0
378,df,<8,0
378,df,<9,2
378,df,<10,0
378,gf,<BH,0
378,gf,<2.5,1
378,gf,<5,0
378,gf,<6,0
378,gf,<7,0
378,gf,<8,0
378,gf,<9,0
378,gf,<10,0
379,to,<BH,6
379,to,<2.5,5
379,to,<5,0
379,to,<6,0
379,to,<7,0
379,to,<8,0
379,to,<9,0
379,to,<10,0
379,df,<BH,4
379,df,<2.5,4
379,df,<5,3
379,df,<6,0
379,df,<7,0
379,df,<8,2
379,df,<9,3
379,df,<10,0
379,rw,<BH,0
379,rw,<2.5,2
379,rw,<5,0
379,rw,<6,0
379,rw,<7,0
379,rw,<8,0
379,rw,<9,0
379,rw,<10,0
379,gc,<BH,0
379,gc,<2.5,0
379,gc,<5,1
379,gc,<6,0
379,gc,<7,0
379,gc,<8,0
379,gc,<9,0
379,gc,<10,0
380,df,<BH,2
380,df,<2.5,5
380,df,<5,4
380,df,<6,0
380,df,<7,4
380,df,<8,2
380,df,<9,1
380,df,<10,1
380,to,<BH,32
380,to,<2.5,18
380,to,<5,11
380,to,<6,1
380,to,<7,1
380,to,<8,0
380,to,<9,0
380,to,<10,0
380,cb,<BH,1
380,cb,<2.5,0
380,cb,<5,0
380,cb,<6,0
380,cb,<7,0
380,cb,<8,0
380,cb,<9,0
380,cb,<10,0
380,rw,<BH,4
380,rw,<2.5,13
380,rw,<5,9
380,rw,<6,1
380,rw,<7,6
380,rw,<8,4
380,rw,<9,0
380,rw,<10,1
380,gf,<BH,0
380,gf,<2.5,0
380,gf,<5,1
380,gf,<6,1
380,gf,<7,0
380,gf,<8,1
380,gf,<9,0
380,gf,<10,0
381,rw,<BH,7
381,rw,<2.5,5
381,rw,<5,4
381,rw,<6,2
381,rw,<7,2
381,rw,<8,1
381,rw,<9,1
381,rw,<10,0
381,gf,<BH,5
381,gf,<2.5,4
381,gf,<5,6
381,gf,<6,1
381,gf,<7,2
381,gf,<8,0
381,gf,<9,1
381,gf,<10,0
381,df,<BH,2
381,df,<2.5,42
381,df,<5,39
381,df,<6,9
381,df,<7,15
381,df,<8,11
381,df,<9,3
381,df,<10,2
381,to,<BH,1
381,to,<2.5,3
381,to,<5,1
381,to,<6,1
381,to,<7,0
381,to,<8,0
381,to,<9,0
381,to,<10,0
382,gf,<BH,11
382,gf,<2.5,10
382,gf,<5,8
382,gf,<6,3
382,gf,<7,3
382,gf,<8,2
382,gf,<9,2
382,gf,<10,0
382,df,<BH,16
382,df,<2.5,38
382,df,<5,8
382,df,<6,4
382,df,<7,1
382,df,<8,1
382,df,<9,0
382,df,<10,0
382,rw,<BH,4
382,rw,<2.5,14
382,rw,<5,9
382,rw,<6,0
382,rw,<7,0
382,rw,<8,1
382,rw,<9,1
382,rw,<10,0
382,to,<BH,22
382,to,<2.5,13
382,to,<5,11
382,to,<6,1
382,to,<7,1
382,to,<8,1
382,to,<9,1
382,to,<10,0
382,md,<BH,2
382,md,<2.5,2
382,md,<5,1
382,md,<6,0
382,md,<7,0
382,md,<8,0
382,md,<9,0
382,md,<10,0
372,to,<BH,25
372,to,<2.5,6
372,to,<5,1
372,to,<6,0
372,to,<7,0
372,to,<8,0
372,to,<9,0
372,to,<10,0
372,df,<BH,4
372,df,<2.5,6
372,df,<5,0
372,df,<6,1
372,df,<7,0
372,df,<8,1
372,df,<9,0
372,df,<10,0
372,gf,<BH,2
372,gf,<2.5,4
372,gf,<5,0
372,gf,<6,0
372,gf,<7,0
372,gf,<8,0
372,gf,<9,1
372,gf,<10,0
372,wm,<BH,6
372,wm,<2.5,2
372,wm,<5,1
372,wm,<6,0
372,wm,<7,0
372,wm,<8,0
372,wm,<9,0
372,wm,<10,0
373,df,<BH,27
373,df,<2.5,2
373,df,<5,2
373,df,<6,0
373,df,<7,2
373,df,<8,1
373,df,<9,1
373,df,<10,0
373,to,<BH,49
373,to,<2.5,14
373,to,<5,4
373,to,<6,0
373,to,<7,0
373,to,<8,0
373,to,<9,0
373,to,<10,0
373,rw,<BH,8
373,rw,<2.5,48
373,rw,<5,8
373,rw,<6,0
373,rw,<7,0
373,rw,<8,0
373,rw,<9,0
373,rw,<10,0
373,gf,<BH,1
373,gf,<2.5,16
373,gf,<5,2
373,gf,<6,1
373,gf,<7,1
373,gf,<8,0
373,gf,<9,0
373,gf,<10,0
374,rw,<BH,5
374,rw,<2.5,11
374,rw,<5,9
374,rw,<6,6
374,rw,<7,3
374,rw,<8,6
374,rw,<9,5
374,rw,<10,0
374,df,<BH,1
374,df,<2.5,8
374,df,<5,0
374,df,<6,1
374,df,<7,0
374,df,<8,0
374,df,<9,0
374,df,<10,0
374,to,<BH,0
374,to,<2.5,2
374,to,<5,0
374,to,<6,0
374,to,<7,0
374,to,<8,0
374,to,<9,0
374,to,<10,1
374,gf,<BH,0
374,gf,<2.5,2
374,gf,<5,1
374,gf,<6,0
374,gf,<7,2
374,gf,<8,1
374,gf,<9,1
374,gf,<10,0
375,df,<BH,7
375,df,<2.5,0
375,df,<5,1
375,df,<6,0
375,df,<7,0
375,df,<8,0
375,df,<9,0
375,df,<10,0
375,rw,<BH,9
375,rw,<2.5,47
375,rw,<5,9
375,rw,<6,2
375,rw,<7,1
375,rw,<8,0
375,rw,<9,0
375,rw,<10,0
375,md,<BH,1
375,md,<2.5,0
375,md,<5,0
375,md,<6,0
375,md,<7,0
375,md,<8,0
375,md,<9,0
375,md,<10,0
375,to,<BH,17
375,to,<2.5,39
375,to,<5,2
375,to,<6,0
375,to,<7,0
375,to,<8,0
375,to,<9,0
375,to,<10,0
376,rw,<BH,14
376,rw,<2.5,18
376,rw,<5,14
376,rw,<6,0
376,rw,<7,5
376,rw,<8,1
376,rw,<9,0
376,rw,<10,0
376,to,<BH,4
376,to,<2.5,3
376,to,<5,1
376,to,<6,0
376,to,<7,0
376,to,<8,0
376,to,<9,0
376,to,<10,0
376,df,<BH,16
376,df,<2.5,2
376,df,<5,0
376,df,<6,0
376,df,<7,0
376,df,<8,0
376,df,<9,0
376,df,<10,0
394,to,<BH,22
394,to,<2.5,19
394,to,<5,6
394,to,<6,0
394,to,<7,0
394,to,<8,0
394,to,<9,0
394,to,<10,0
394,df,<BH,15
394,df,<2.5,0
394,df,<5,1
394,df,<6,1
394,df,<7,0
394,df,<8,2
394,df,<9,1
394,df,<10,2
394,rw,<BH,0
394,rw,<2.5,13
394,rw,<5,6
394,rw,<6,1
394,rw,<7,0
394,rw,<8,0
394,rw,<9,0
394,rw,<10,0
394,gf,<BH,0
394,gf,<2.5,2
394,gf,<5,8
394,gf,<6,2
394,gf,<7,1
394,gf,<8,2
394,gf,<9,1
394,gf,<10,0
394,sx,<BH,8
394,sx,<2.5,3
394,sx,<5,0
394,sx,<6,0
394,sx,<7,0
394,sx,<8,0
394,sx,<9,0
394,sx,<10,0
395,df,<BH,41
395,df,<2.5,2
395,df,<5,3
395,df,<6,0
395,df,<7,0
395,df,<8,0
395,df,<9,2
395,df,<10,0
395,rw,<BH,8
395,rw,<2.5,37
395,rw,<5,7
395,rw,<6,1
395,rw,<7,1
395,rw,<8,0
395,rw,<9,1
395,rw,<10,1
395,gf,<BH,22
395,gf,<2.5,4
395,gf,<5,11
395,gf,<6,2
395,gf,<7,0
395,gf,<8,2
395,gf,<9,0
395,gf,<10,1
395,to,<BH,21
395,to,<2.5,31
395,to,<5,5
395,to,<6,1
395,to,<7,0
395,to,<8,0
395,to,<9,0
395,to,<10,0
395,md,<BH,14
395,md,<2.5,0
395,md,<5,1
395,md,<6,1
395,md,<7,0
395,md,<8,0
395,md,<9,0
395,md,<10,0
396,rw,<BH,11
396,rw,<2.5,12
396,rw,<5,3
396,rw,<6,0
396,rw,<7,0
396,rw,<8,1
396,rw,<9,0
396,rw,<10,0
396,to,<BH,20
396,to,<2.5,8
396,to,<5,3
396,to,<6,0
396,to,<7,0
396,to,<8,0
396,to,<9,0
396,to,<10,1
396,df,<BH,2
396,df,<2.5,0
396,df,<5,0
396,df,<6,0
396,df,<7,0
396,df,<8,0
396,df,<9,1
396,df,<10,0
396,md,<BH,14
396,md,<2.5,0
396,md,<5,0
396,md,<6,0
396,md,<7,0
396,md,<8,0
396,md,<9,0
396,md,<10,0
396,gf,<BH,3
396,gf,<2.5,2
396,gf,<5,8
396,gf,<6,2
396,gf,<7,2
396,gf,<8,4
396,gf,<9,1
396,gf,<10,0
396,cb,<BH,0
396,cb,<2.5,2
396,cb,<5,0
396,cb,<6,0
396,cb,<7,0
396,cb,<8,0
396,cb,<9,0
396,cb,<10,0
397,to,<BH,43
397,to,<2.5,35
397,to,<5,11
397,to,<6,3
397,to,<7,2
397,to,<8,3
397,to,<9,1
397,to,<10,0
397,df,<BH,22
397,df,<2.5,0
397,df,<5,0
397,df,<6,0
397,df,<7,0
397,df,<8,0
397,df,<9,0
397,df,<10,0
397,gf,<BH,4
397,gf,<2.5,6
397,gf,<5,2
397,gf,<6,2
397,gf,<7,0
397,gf,<8,0
397,gf,<9,0
397,gf,<10,0
397,rw,<BH,0
397,rw,<2.5,7
397,rw,<5,13
397,rw,<6,7
397,rw,<7,1
397,rw,<8,0
397,rw,<9,2
397,rw,<10,2
359,rw,<BH,12
359,rw,<2.5,18
359,rw,<5,14
359,rw,<6,1
359,rw,<7,7
359,rw,<8,3
359,rw,<9,1
359,rw,<10,0
359,to,<BH,19
359,to,<2.5,28
359,to,<5,11
359,to,<6,0
359,to,<7,0
359,to,<8,0
359,to,<9,0
359,to,<10,0
359,df,<BH,10
359,df,<2.5,6
359,df,<5,0
359,df,<6,0
359,df,<7,0
359,df,<8,0
359,df,<9,0
359,df,<10,0
359,gf,<BH,3
359,gf,<2.5,3
359,gf,<5,2
359,gf,<6,1
359,gf,<7,0
359,gf,<8,0
359,gf,<9,0
359,gf,<10,0
359,wm,<BH,0
359,wm,<2.5,2
359,wm,<5,0
359,wm,<6,0
359,wm,<7,0
359,wm,<8,0
359,wm,<9,0
359,wm,<10,0
445,df,<BH,14
445,df,<2.5,5
445,df,<5,2
445,df,<6,0
445,df,<7,1
445,df,<8,0
445,df,<9,0
445,df,<10,0
445,cb,<BH,1
445,cb,<2.5,0
445,cb,<5,0
445,cb,<6,0
445,cb,<7,0
445,cb,<8,0
445,cb,<9,0
445,cb,<10,0
445,gf,<BH,1
445,gf,<2.5,1
445,gf,<5,0
445,gf,<6,0
445,gf,<7,0
445,gf,<8,1
445,gf,<9,0
445,gf,<10,0
445,rw,<BH,0
445,rw,<2.5,6
445,rw,<5,1
445,rw,<6,0
445,rw,<7,1
445,rw,<8,0
445,rw,<9,0
445,rw,<10,0
446,df,<BH,4
446,df,<2.5,0
446,df,<5,0
446,df,<6,0
446,df,<7,0
446,df,<8,0
446,df,<9,0
446,df,<10,0
446,rw,<BH,27
446,rw,<2.5,13
446,rw,<5,19
446,rw,<6,3
446,rw,<7,2
446,rw,<8,1
446,rw,<9,0
446,rw,<10,1
446,to,<BH,0
446,to,<2.5,2
446,to,<5,0
446,to,<6,0
446,to,<7,0
446,to,<8,0
446,to,<9,0
446,to,<10,0
447,df,<BH,23
447,df,<2.5,5
447,df,<5,1
447,df,<6,2
447,df,<7,2
447,df,<8,0
447,df,<9,1
447,df,<10,0
447,gf,<BH,6
447,gf,<2.5,1
447,gf,<5,0
447,gf,<6,0
447,gf,<7,0
447,gf,<8,0
447,gf,<9,0
447,gf,<10,0
447,to,<BH,6
447,to,<2.5,2
447,to,<5,0
447,to,<6,0
447,to,<7,0
447,to,<8,0
447,to,<9,0
447,to,<10,0
447,wm,<BH,0
447,wm,<2.5,0
447,wm,<5,0
447,wm,<6,1
447,wm,<7,0
447,wm,<8,0
447,wm,<9,0
447,wm,<10,0
447,rw,<BH,0
447,rw,<2.5,0
447,rw,<5,0
447,rw,<6,0
447,rw,<7,1
447,rw,<8,1
447,rw,<9,0
447,rw,<10,0
448,md,<BH,1
448,md,<2.5,0
448,md,<5,0
448,md,<6,0
448,md,<7,0
448,md,<8,0
448,md,<9,0
448,md,<10,0
448,wm,<BH,0
448,wm,<2.5,1
448,wm,<5,0
448,wm,<6,0
448,wm,<7,0
448,wm,<8,0
448,wm,<9,0
448,wm,<10,0
448,df,<BH,0
448,df,<2.5,2
448,df,<5,0
448,df,<6,0
448,df,<7,0
448,df,<8,0
448,df,<9,0
448,df,<10,0
448,rw,<BH,0
448,rw,<2.5,1
448,rw,<5,2
448,rw,<6,0
448,rw,<7,0
448,rw,<8,0
448,rw,<9,0
448,rw,<10,0
448,to,<BH,0
448,to,<2.5,3
448,to,<5,0
448,to,<6,0
448,to,<7,0
448,to,<8,1
448,to,<9,0
448,to,<10,0
449,to,<BH,89
449,to,<2.5,10
449,to,<5,4
449,to,<6,0
449,to,<7,0
449,to,<8,0
449,to,<9,0
449,to,<10,0
449,df,<BH,14
449,df,<2.5,3
449,df,<5,2
449,df,<6,1
449,df,<7,0
449,df,<8,0
449,df,<9,1
449,df,<10,0
440,df,<BH,4
440,df,<2.5,3
440,df,<5,1
440,df,<6,1
440,df,<7,0
440,df,<8,0
440,df,<9,1
440,df,<10,0
440,to,<BH,9
440,to,<2.5,6
440,to,<5,4
440,to,<6,2
440,to,<7,1
440,to,<8,0
440,to,<9,0
440,to,<10,0
440,rw,<BH,5
440,rw,<2.5,19
440,rw,<5,8
440,rw,<6,6
440,rw,<7,0
440,rw,<8,0
440,rw,<9,0
440,rw,<10,1
441,df,<BH,10
441,df,<2.5,0
441,df,<5,0
441,df,<6,0
441,df,<7,1
441,df,<8,0
441,df,<9,0
441,df,<10,0
441,gf,<BH,3
441,gf,<2.5,1
441,gf,<5,3
441,gf,<6,1
441,gf,<7,2
441,gf,<8,0
441,gf,<9,3
441,gf,<10,0
441,rw,<BH,0
441,rw,<2.5,7
441,rw,<5,7
441,rw,<6,0
441,rw,<7,1
441,rw,<8,0
441,rw,<9,1
441,rw,<10,1
441,wm,<BH,0
441,wm,<2.5,2
441,wm,<5,1
441,wm,<6,2
441,wm,<7,1
441,wm,<8,0
441,wm,<9,0
441,wm,<10,0
441,to,<BH,0
441,to,<2.5,1
441,to,<5,2
441,to,<6,0
441,to,<7,0
441,to,<8,0
441,to,<9,0
441,to,<10,0
442,df,<BH,13
442,df,<2.5,0
442,df,<5,2
442,df,<6,0
442,df,<7,0
442,df,<8,1
442,df,<9,1
442,df,<10,0
442,rw,<BH,6
442,rw,<2.5,0
442,rw,<5,7
442,rw,<6,2
442,rw,<7,3
442,rw,<8,1
442,rw,<9,1
442,rw,<10,1
442,gf,<BH,1
442,gf,<2.5,0
442,gf,<5,1
442,gf,<6,0
442,gf,<7,0
442,gf,<8,0
442,gf,<9,0
442,gf,<10,0
442,to,<BH,6
442,to,<2.5,0
442,to,<5,0
442,to,<6,0
442,to,<7,0
442,to,<8,0
442,to,<9,0
442,to,<10,0
443,df,<BH,47
443,df,<2.5,3
443,df,<5,0
443,df,<6,1
443,df,<7,0
443,df,<8,0
443,df,<9,0
443,df,<10,0
443,gf,<BH,13
443,gf,<2.5,0
443,gf,<5,0
443,gf,<6,0
443,gf,<7,0
443,gf,<8,0
443,gf,<9,1
443,gf,<10,0
443,to,<BH,1
443,to,<2.5,0
443,to,<5,0
443,to,<6,0
443,to,<7,0
443,to,<8,0
443,to,<9,0
443,to,<10,0
443,rw,<BH,0
443,rw,<2.5,10
443,rw,<5,0
443,rw,<6,3
443,rw,<7,0
443,rw,<8,8
443,rw,<9,0
443,rw,<10,1
444,df,<BH,17
444,df,<2.5,0
444,df,<5,0
444,df,<6,0
444,df,<7,0
444,df,<8,0
444,df,<9,0
444,df,<10,0
444,gf,<BH,8
444,gf,<2.5,3
444,gf,<5,4
444,gf,<6,0
444,gf,<7,0
444,gf,<8,1
444,gf,<9,0
444,gf,<10,0
444,to,<BH,0
444,to,<2.5,1
444,to,<5,0
444,to,<6,0
444,to,<7,0
444,to,<8,0
444,to,<9,0
444,to,<10,0
133,rw,<BH,17
133,rw,<2.5,20
133,rw,<5,10
133,rw,<6,4
133,rw,<7,1
133,rw,<8,1
133,rw,<9,0
133,rw,<10,1
133,to,<BH,26
133,to,<2.5,31
133,to,<5,17
133,to,<6,7
133,to,<7,7
133,to,<8,6
133,to,<9,0
133,to,<10,0
133,df,<BH,0
133,df,<2.5,9
133,df,<5,23
133,df,<6,5
133,df,<7,9
133,df,<8,3
133,df,<9,2
133,df,<10,1
133,gf,<BH,0
133,gf,<2.5,7
133,gf,<5,9
133,gf,<6,0
133,gf,<7,1
133,gf,<8,0
133,gf,<9,0
133,gf,<10,1
134,rw,<BH,0
134,rw,<2.5,0
134,rw,<5,1
134,rw,<6,3
134,rw,<7,1
134,rw,<8,1
134,rw,<9,0
134,rw,<10,1
134,to,<BH,40
134,to,<2.5,39
134,to,<5,31
134,to,<6,16
134,to,<7,39
134,to,<8,14
134,to,<9,0
134,to,<10,10
134,gf,<BH,3
134,gf,<2.5,0
134,gf,<5,0
134,gf,<6,0
134,gf,<7,0
134,gf,<8,0
134,gf,<9,0
134,gf,<10,0
134,df,<BH,0
134,df,<2.5,0
134,df,<5,1
134,df,<6,0
134,df,<7,0
134,df,<8,0
134,df,<9,0
134,df,<10,0
135,rw,<BH,4
135,rw,<2.5,11
135,rw,<5,14
135,rw,<6,4
135,rw,<7,3
135,rw,<8,0
135,rw,<9,1
135,rw,<10,4
135,to,<BH,3
135,to,<2.5,15
135,to,<5,3
135,to,<6,0
135,to,<7,1
135,to,<8,0
135,to,<9,0
135,to,<10,0
135,df,<BH,4
135,df,<2.5,18
135,df,<5,17
135,df,<6,4
135,df,<7,0
135,df,<8,0
135,df,<9,0
135,df,<10,0
135,gf,<BH,0
135,gf,<2.5,0
135,gf,<5,4
135,gf,<6,0
135,gf,<7,1
135,gf,<8,0
135,gf,<9,0
135,gf,<10,0
136,rw,<BH,11
136,rw,<2.5,24
136,rw,<5,6
136,rw,<6,0
136,rw,<7,0
136,rw,<8,0
136,rw,<9,0
136,rw,<10,1
136,to,<BH,10
136,to,<2.5,41
136,to,<5,2
136,to,<6,1
136,to,<7,2
136,to,<8,1
136,to,<9,0
136,to,<10,0
136,df,<BH,23
136,df,<2.5,16
136,df,<5,10
136,df,<6,2
136,df,<7,1
136,df,<8,2
136,df,<9,1
136,df,<10,2
136,gf,<BH,5
136,gf,<2.5,0
136,gf,<5,1
136,gf,<6,2
136,gf,<7,0
136,gf,<8,1
136,gf,<9,0
136,gf,<10,0
136,wm,<BH,0
136,wm,<2.5,4
136,wm,<5,1
136,wm,<6,0
136,wm,<7,0
136,wm,<8,0
136,wm,<9,0
136,wm,<10,0
139,rw,<BH,2
139,rw,<2.5,18
139,rw,<5,2
139,rw,<6,1
139,rw,<7,0
139,rw,<8,0
139,rw,<9,0
139,rw,<10,0
139,to,<BH,59
139,to,<2.5,77
139,to,<5,5
139,to,<6,0
139,to,<7,1
139,to,<8,1
139,to,<9,0
139,to,<10,1
139,df,<BH,11
139,df,<2.5,4
139,df,<5,3
139,df,<6,1
139,df,<7,1
139,df,<8,0
139,df,<9,0
139,df,<10,0
140,rw,<BH,8
140,rw,<2.5,9
140,rw,<5,5
140,rw,<6,0
140,rw,<7,0
140,rw,<8,0
140,rw,<9,1
140,rw,<10,0
140,to,<BH,62
140,to,<2.5,53
140,to,<5,13
140,to,<6,1
140,to,<7,1
140,to,<8,1
140,to,<9,1
140,to,<10,0
140,gc,<BH,1
140,gc,<2.5,0
140,gc,<5,0
140,gc,<6,0
140,gc,<7,0
140,gc,<8,1
140,gc,<9,0
140,gc,<10,0
140,gf,<BH,1
140,gf,<2.5,5
140,gf,<5,2
140,gf,<6,0
140,gf,<7,0
140,gf,<8,0
140,gf,<9,0
140,gf,<10,0
141,rw,<BH,0
141,rw,<2.5,3
141,rw,<5,1
141,rw,<6,0
141,rw,<7,1
141,rw,<8,0
141,rw,<9,0
141,rw,<10,0
141,to,<BH,26
141,to,<2.5,20
141,to,<5,2
141,to,<6,0
141,to,<7,0
141,to,<8,0
141,to,<9,0
141,to,<10,0
141,df,<BH,11
141,df,<2.5,0
141,df,<5,0
141,df,<6,0
141,df,<7,0
141,df,<8,0
141,df,<9,0
141,df,<10,0
141,md,<BH,7
141,md,<2.5,0
141,md,<5,0
141,md,<6,0
141,md,<7,0
141,md,<8,0
141,md,<9,0
141,md,<10,0
142,rw,<BH,11
142,rw,<2.5,49
142,rw,<5,7
142,rw,<6,1
142,rw,<7,0
142,rw,<8,0
142,rw,<9,0
142,rw,<10,2
142,to,<BH,72
142,to,<2.5,127
142,to,<5,5
142,to,<6,1
142,to,<7,0
142,to,<8,1
142,to,<9,0
142,to,<10,0
142,df,<BH,4
142,df,<2.5,0
142,df,<5,0
142,df,<6,0
142,df,<7,0
142,df,<8,0
142,df,<9,0
142,df,<10,0
142,md,<BH,4
142,md,<2.5,1
142,md,<5,0
142,md,<6,0
142,md,<7,0
142,md,<8,0
142,md,<9,0
142,md,<10,0
142,wm,<BH,0
142,wm,<2.5,3
142,wm,<5,0
142,wm,<6,0
142,wm,<7,0
142,wm,<8,0
142,wm,<9,0
142,wm,<10,0
142,gc,<BH,0
142,gc,<2.5,1
142,gc,<5,0
142,gc,<6,0
142,gc,<7,0
142,gc,<8,0
142,gc,<9,0
142,gc,<10,0
143,rw,<BH,5
143,rw,<2.5,24
143,rw,<5,5
143,rw,<6,1
143,rw,<7,0
143,rw,<8,0
143,rw,<9,0
143,rw,<10,0
143,to,<BH,39
143,to,<2.5,46
143,to,<5,3
143,to,<6,0
143,to,<7,0
143,to,<8,0
143,to,<9,0
143,to,<10,0
143,df,<BH,4
143,df,<2.5,0
143,df,<5,0
143,df,<6,0
143,df,<7,0
143,df,<8,0
143,df,<9,0
143,df,<10,0
144,to,<BH,12
144,to,<2.5,7
144,to,<5,6
144,to,<6,2
144,to,<7,2
144,to,<8,7
144,to,<9,1
144,to,<10,1
144,rw,<BH,0
144,rw,<2.5,3
144,rw,<5,5
144,rw,<6,0
144,rw,<7,1
144,rw,<8,1
144,rw,<9,0
144,rw,<10,0
144,df,<BH,0
144,df,<2.5,0
144,df,<5,2
144,df,<6,5
144,df,<7,7
144,df,<8,3
144,df,<9,3
144,df,<10,2
144,gf,<BH,0
144,gf,<2.5,2
144,gf,<5,2
144,gf,<6,0
144,gf,<7,1
144,gf,<8,0
144,gf,<9,0
144,gf,<10,0
145,rw,<BH,4
145,rw,<2.5,11
145,rw,<5,3
145,rw,<6,4
145,rw,<7,1
145,rw,<8,1
145,rw,<9,0
145,rw,<10,0
145,to,<BH,26
145,to,<2.5,42
145,to,<5,23
145,to,<6,2
145,to,<7,2
145,to,<8,2
145,to,<9,3
145,to,<10,2
145,df,<BH,13
145,df,<2.5,12
145,df,<5,6
145,df,<6,2
145,df,<7,3
145,df,<8,2
145,df,<9,1
145,df,<10,0
145,md,<BH,1
145,md,<2.5,2
145,md,<5,0
145,md,<6,0
145,md,<7,0
145,md,<8,0
145,md,<9,0
145,md,<10,0
145,gf,<BH,7
145,gf,<2.5,10
145,gf,<5,2
145,gf,<6,0
145,gf,<7,1
145,gf,<8,2
145,gf,<9,0
145,gf,<10,1
147,to,<BH,16
147,to,<2.5,25
147,to,<5,7
147,to,<6,1
147,to,<7,1
147,to,<8,0
147,to,<9,0
147,to,<10,1
147,df,<BH,1
147,df,<2.5,6
147,df,<5,8
147,df,<6,5
147,df,<7,2
147,df,<8,1
147,df,<9,2
147,df,<10,0
147,gf,<BH,3
147,gf,<2.5,3
147,gf,<5,4
147,gf,<6,1
147,gf,<7,0
147,gf,<8,0
147,gf,<9,0
147,gf,<10,0
147,md,<BH,5
147,md,<2.5,0
147,md,<5,0
147,md,<6,0
147,md,<7,0
147,md,<8,0
147,md,<9,0
147,md,<10,0
147,wm,<BH,0
147,wm,<2.5,5
147,wm,<5,0
147,wm,<6,0
147,wm,<7,0
147,wm,<8,0
147,wm,<9,0
147,wm,<10,0
147,rw,<BH,24
147,rw,<2.5,85
147,rw,<5,21
147,rw,<6,2
147,rw,<7,3
147,rw,<8,0
147,rw,<9,0
147,rw,<10,0
146,rw,<BH,2
146,rw,<2.5,22
146,rw,<5,10
146,rw,<6,4
146,rw,<7,3
146,rw,<8,0
146,rw,<9,0
146,rw,<10,0
146,to,<BH,11
146,to,<2.5,25
146,to,<5,4
146,to,<6,2
146,to,<7,0
146,to,<8,1
146,to,<9,0
146,to,<10,0
146,df,<BH,2
146,df,<2.5,37
146,df,<5,31
146,df,<6,11
146,df,<7,7
146,df,<8,1
146,df,<9,2
146,df,<10,3
146,gf,<BH,0
146,gf,<2.5,1
146,gf,<5,11
146,gf,<6,0
146,gf,<7,2
146,gf,<8,0
146,gf,<9,0
146,gf,<10,2
146,wm,<BH,15
146,wm,<2.5,8
146,wm,<5,1
146,wm,<6,0
146,wm,<7,1
146,wm,<8,0
146,wm,<9,0
146,wm,<10,0
148,rw,<BH,5
148,rw,<2.5,21
148,rw,<5,11
148,rw,<6,4
148,rw,<7,2
148,rw,<8,0
148,rw,<9,0
148,rw,<10,1
148,to,<BH,9
148,to,<2.5,74
148,to,<5,8
148,to,<6,0
148,to,<7,1
148,to,<8,1
148,to,<9,0
148,to,<10,1
148,df,<BH,0
148,df,<2.5,0
148,df,<5,1
148,df,<6,0
148,df,<7,0
148,df,<8,0
148,df,<9,0
148,df,<10,0
148,gf,<BH,0
148,gf,<2.5,4
148,gf,<5,0
148,gf,<6,0
148,gf,<7,0
148,gf,<8,0
148,gf,<9,0
148,gf,<10,0
148,wm,<BH,0
148,wm,<2.5,1
148,wm,<5,0
148,wm,<6,0
148,wm,<7,0
148,wm,<8,0
148,wm,<9,0
148,wm,<10,0
148,cb,<BH,0
148,cb,<2.5,3
148,cb,<5,0
148,cb,<6,0
148,cb,<7,0
148,cb,<8,0
148,cb,<9,0
148,cb,<10,0
148,gc,<BH,0
148,gc,<2.5,1
148,gc,<5,0
148,gc,<6,0
148,gc,<7,0
148,gc,<8,0
148,gc,<9,0
148,gc,<10,0
149,rw,<BH,8
149,rw,<2.5,23
149,rw,<5,5
149,rw,<6,1
149,rw,<7,0
149,rw,<8,0
149,rw,<9,0
149,rw,<10,0
149,to,<BH,17
149,to,<2.5,68
149,to,<5,20
149,to,<6,1
149,to,<7,1
149,to,<8,0
149,to,<9,0
149,to,<10,1
149,df,<BH,106
149,df,<2.5,0
149,df,<5,0
149,df,<6,0
149,df,<7,0
149,df,<8,0
149,df,<9,0
149,df,<10,1
149,gf,<BH,3
149,gf,<2.5,0
149,gf,<5,1
149,gf,<6,0
149,gf,<7,0
149,gf,<8,0
149,gf,<9,0
149,gf,<10,0
149,wm,<BH,3
149,wm,<2.5,7
149,wm,<5,0
149,wm,<6,0
149,wm,<7,0
149,wm,<8,0
149,wm,<9,0
149,wm,<10,0
149,md,<BH,31
149,md,<2.5,1
149,md,<5,0
149,md,<6,0
149,md,<7,0
149,md,<8,0
149,md,<9,0
149,md,<10,0
150,rw,<BH,8
150,rw,<2.5,12
150,rw,<5,19
150,rw,<6,3
150,rw,<7,1
150,rw,<8,0
150,rw,<9,2
150,rw,<10,0
150,to,<BH,100
150,to,<2.5,39
150,to,<5,40
150,to,<6,9
150,to,<7,3
150,to,<8,4
150,to,<9,3
150,to,<10,1
150,df,<BH,0
150,df,<2.5,5
150,df,<5,0
150,df,<6,0
150,df,<7,0
150,df,<8,0
150,df,<9,0
150,df,<10,0
151,rw,<BH,22
151,rw,<2.5,29
151,rw,<5,7
151,rw,<6,2
151,rw,<7,1
151,rw,<8,0
151,rw,<9,3
151,rw,<10,0
151,to,<BH,19
151,to,<2.5,61
151,to,<5,4
151,to,<6,1
151,to,<7,1
151,to,<8,0
151,to,<9,0
151,to,<10,0
151,df,<BH,27
151,df,<2.5,27
151,df,<5,9
151,df,<6,3
151,df,<7,0
151,df,<8,1
151,df,<9,0
151,df,<10,1
151,gf,<BH,2
151,gf,<2.5,2
151,gf,<5,0
151,gf,<6,0
151,gf,<7,0
151,gf,<8,0
151,gf,<9,0
151,gf,<10,0
151,wm,<BH,3
151,wm,<2.5,7
151,wm,<5,0
151,wm,<6,0
151,wm,<7,0
151,wm,<8,0
151,wm,<9,0
151,wm,<10,0
151,md,<BH,19
151,md,<2.5,0
151,md,<5,0
151,md,<6,0
151,md,<7,0
151,md,<8,0
151,md,<9,0
151,md,<10,0
152,rw,<BH,15
152,rw,<2.5,30
152,rw,<5,10
152,rw,<6,2
152,rw,<7,0
152,rw,<8,1
152,rw,<9,0
152,rw,<10,0
152,to,<BH,46
152,to,<2.5,33
152,to,<5,2
152,to,<6,0
152,to,<7,0
152,to,<8,0
152,to,<9,0
152,to,<10,0
152,df,<BH,59
152,df,<2.5,0
152,df,<5,0
152,df,<6,0
152,df,<7,0
152,df,<8,0
152,df,<9,0
152,df,<10,0
152,md,<BH,5
152,md,<2.5,0
152,md,<5,0
152,md,<6,0
152,md,<7,0
152,md,<8,0
152,md,<9,0
152,md,<10,0
152,hm,<BH,0
152,hm,<2.5,1
152,hm,<5,0
152,hm,<6,0
152,hm,<7,0
152,hm,<8,0
152,hm,<9,0
152,hm,<10,0
153,rw,<BH,11
153,rw,<2.5,6
153,rw,<5,3
153,rw,<6,1
153,rw,<7,0
153,rw,<8,0
153,rw,<9,1
153,rw,<10,1
153,to,<BH,41
153,to,<2.5,46
153,to,<5,8
153,to,<6,0
153,to,<7,0
153,to,<8,0
153,to,<9,2
153,to,<10,1
153,df,<BH,191
153,df,<2.5,0
153,df,<5,0
153,df,<6,0
153,df,<7,0
153,df,<8,0
153,df,<9,0
153,df,<10,0
153,gf,<BH,4
153,gf,<2.5,1
153,gf,<5,0
153,gf,<6,0
153,gf,<7,0
153,gf,<8,0
153,gf,<9,0
153,gf,<10,0
153,md,<BH,1
153,md,<2.5,0
153,md,<5,0
153,md,<6,0
153,md,<7,0
153,md,<8,0
153,md,<9,0
153,md,<10,0
154,rw,<BH,0
154,rw,<2.5,10
154,rw,<5,6
154,rw,<6,3
154,rw,<7,0
154,rw,<8,0
154,rw,<9,0
154,rw,<10,1
154,to,<BH,87
154,to,<2.5,92
154,to,<5,24
154,to,<6,4
154,to,<7,4
154,to,<8,5
154,to,<9,3
154,to,<10,2
154,df,<BH,4
154,df,<2.5,4
154,df,<5,4
154,df,<6,0
154,df,<7,0
154,df,<8,0
154,df,<9,0
154,df,<10,0
154,gf,<BH,0
154,gf,<2.5,0
154,gf,<5,1
154,gf,<6,0
154,gf,<7,0
154,gf,<8,0
154,gf,<9,0
154,gf,<10,0
154,md,<BH,0
154,md,<2.5,2
154,md,<5,1
154,md,<6,0
154,md,<7,0
154,md,<8,0
154,md,<9,0
154,md,<10,0
155,rw,<BH,19
155,rw,<2.5,38
155,rw,<5,9
155,rw,<6,2
155,rw,<7,4
155,rw,<8,4
155,rw,<9,0
155,rw,<10,0
155,to,<BH,16
155,to,<2.5,15
155,to,<5,10
155,to,<6,0
155,to,<7,0
155,to,<8,0
155,to,<9,0
155,to,<10,0
155,df,<BH,0
155,df,<2.5,2
155,df,<5,0
155,df,<6,2
155,df,<7,0
155,df,<8,1
155,df,<9,1
155,df,<10,1
155,gf,<BH,0
155,gf,<2.5,0
155,gf,<5,1
155,gf,<6,0
155,gf,<7,0
155,gf,<8,0
155,gf,<9,0
155,gf,<10,0
156,rw,<BH,12
156,rw,<2.5,64
156,rw,<5,44
156,rw,<6,9
156,rw,<7,3
156,rw,<8,6
156,rw,<9,2
156,rw,<10,1
156,to,<BH,5
156,to,<2.5,17
156,to,<5,8
156,to,<6,0
156,to,<7,2
156,to,<8,0
156,to,<9,2
156,to,<10,0
156,df,<BH,2
156,df,<2.5,6
156,df,<5,4
156,df,<6,0
156,df,<7,2
156,df,<8,0
156,df,<9,0
156,df,<10,0
156,gf,<BH,1
156,gf,<2.5,1
156,gf,<5,0
156,gf,<6,0
156,gf,<7,0
156,gf,<8,0
156,gf,<9,0
156,gf,<10,0
156,wm,<BH,1
156,wm,<2.5,4
156,wm,<5,0
156,wm,<6,0
156,wm,<7,0
156,wm,<8,0
156,wm,<9,0
156,wm,<10,0
157,rw,<BH,2
157,rw,<2.5,73
157,rw,<5,23
157,rw,<6,3
157,rw,<7,4
157,rw,<8,2
157,rw,<9,0
157,rw,<10,2
157,to,<BH,16
157,to,<2.5,27
157,to,<5,7
157,to,<6,4
157,to,<7,3
157,to,<8,3
157,to,<9,0
157,to,<10,0
157,df,<BH,1
157,df,<2.5,1
157,df,<5,4
157,df,<6,2
157,df,<7,0
157,df,<8,1
157,df,<9,1
157,df,<10,0
157,gf,<BH,1
157,gf,<2.5,0
157,gf,<5,0
157,gf,<6,0
157,gf,<7,0
157,gf,<8,0
157,gf,<9,0
157,gf,<10,0
158,rw,<BH,0
158,rw,<2.5,0
158,rw,<5,7
158,rw,<6,1
158,rw,<7,3
158,rw,<8,0
158,rw,<9,0
158,rw,<10,1
158,to,<BH,16
158,to,<2.5,8
158,to,<5,22
158,to,<6,5
158,to,<7,6
158,to,<8,7
158,to,<9,2
158,to,<10,2
158,df,<BH,0
158,df,<2.5,2
158,df,<5,6
158,df,<6,3
158,df,<7,3
158,df,<8,1
158,df,<9,1
158,df,<10,1
332,md,<BH,55
332,md,<2.5,6
332,md,<5,9
332,md,<6,2
332,md,<7,0
332,md,<8,0
332,md,<9,0
332,md,<10,0
332,rw,<BH,20
332,rw,<2.5,35
332,rw,<5,10
332,rw,<6,0
332,rw,<7,1
332,rw,<8,0
332,rw,<9,0
332,rw,<10,0
332,gf,<BH,18
332,gf,<2.5,0
332,gf,<5,0
332,gf,<6,0
332,gf,<7,0
332,gf,<8,0
332,gf,<9,0
332,gf,<10,0
332,to,<BH,4
332,to,<2.5,7
332,to,<5,1
332,to,<6,0
332,to,<7,0
332,to,<8,0
332,to,<9,0
332,to,<10,0
332,df,<BH,133
332,df,<2.5,0
332,df,<5,0
332,df,<6,0
332,df,<7,1
332,df,<8,2
332,df,<9,2
332,df,<10,0
332,sx,<BH,0
332,sx,<2.5,7
332,sx,<5,4
332,sx,<6,0
332,sx,<7,0
332,sx,<8,0
332,sx,<9,0
332,sx,<10,0
332,wm,<BH,0
332,wm,<2.5,3
332,wm,<5,0
332,wm,<6,0
332,wm,<7,1
332,wm,<8,0
332,wm,<9,0
332,wm,<10,0
333,rw,<BH,37
333,rw,<2.5,41
333,rw,<5,13
333,rw,<6,0
333,rw,<7,1
333,rw,<8,1
333,rw,<9,1
333,rw,<10,1
333,to,<BH,8
333,to,<2.5,13
333,to,<5,2
333,to,<6,1
333,to,<7,1
333,to,<8,1
333,to,<9,0
333,to,<10,0
333,df,<BH,31
333,df,<2.5,0
333,df,<5,0
333,df,<6,1
333,df,<7,1
333,df,<8,0
333,df,<9,0
333,df,<10,0
333,gf,<BH,2
333,gf,<2.5,1
333,gf,<5,1
333,gf,<6,1
333,gf,<7,0
333,gf,<8,0
333,gf,<9,0
333,gf,<10,0
159,rw,<BH,9
159,rw,<2.5,33
159,rw,<5,20
159,rw,<6,2
159,rw,<7,0
159,rw,<8,0
159,rw,<9,0
159,rw,<10,1
159,to,<BH,22
159,to,<2.5,4
159,to,<5,0
159,to,<6,0
159,to,<7,0
159,to,<8,0
159,to,<9,0
159,to,<10,0
159,df,<BH,7
159,df,<2.5,0
159,df,<5,0
159,df,<6,0
159,df,<7,0
159,df,<8,0
159,df,<9,0
159,df,<10,0
159,gf,<BH,8
159,gf,<2.5,0
159,gf,<5,0
159,gf,<6,0
159,gf,<7,0
159,gf,<8,0
159,gf,<9,0
159,gf,<10,0
159,gc,<BH,0
159,gc,<2.5,5
159,gc,<5,0
159,gc,<6,0
159,gc,<7,0
159,gc,<8,0
159,gc,<9,0
159,gc,<10,0
160,rw,<BH,1
160,rw,<2.5,5
160,rw,<5,3
160,rw,<6,0
160,rw,<7,1
160,rw,<8,0
160,rw,<9,0
160,rw,<10,0
160,to,<BH,31
160,to,<2.5,30
160,to,<5,15
160,to,<6,2
160,to,<7,2
160,to,<8,0
160,to,<9,0
160,to,<10,1
160,gf,<BH,0
160,gf,<2.5,0
160,gf,<5,1
160,gf,<6,0
160,gf,<7,0
160,gf,<8,0
160,gf,<9,0
160,gf,<10,0
161,rw,<BH,2
161,rw,<2.5,5
161,rw,<5,0
161,rw,<6,1
161,rw,<7,0
161,rw,<8,0
161,rw,<9,0
161,rw,<10,0
161,to,<BH,63
161,to,<2.5,48
161,to,<5,2
161,to,<6,0
161,to,<7,0
161,to,<8,0
161,to,<9,1
161,to,<10,1
161,df,<BH,95
161,df,<2.5,0
161,df,<5,0
161,df,<6,0
161,df,<7,1
161,df,<8,0
161,df,<9,0
161,df,<10,0
161,gf,<BH,4
161,gf,<2.5,0
161,gf,<5,0
161,gf,<6,0
161,gf,<7,0
161,gf,<8,0
161,gf,<9,0
161,gf,<10,0
510,to,<BH,125
510,to,<2.5,44
510,to,<5,24
510,to,<6,3
510,to,<7,3
510,to,<8,0
510,to,<9,1
510,to,<10,0
510,df,<BH,0
510,df,<2.5,3
510,df,<5,3
510,df,<6,1
510,df,<7,3
510,df,<8,0
510,df,<9,1
510,df,<10,0
510,hm,<BH,0
510,hm,<2.5,2
510,hm,<5,1
510,hm,<6,0
510,hm,<7,0
510,hm,<8,0
510,hm,<9,0
510,hm,<10,0
511,to,<BH,20
511,to,<2.5,32
511,to,<5,3
511,to,<6,0
511,to,<7,3
511,to,<8,1
511,to,<9,1
511,to,<10,0
511,rw,<BH,13
511,rw,<2.5,12
511,rw,<5,7
511,rw,<6,2
511,rw,<7,1
511,rw,<8,0
511,rw,<9,1
511,rw,<10,0
512,to,<BH,18
512,to,<2.5,48
512,to,<5,4
512,to,<6,0
512,to,<7,2
512,to,<8,1
512,to,<9,0
512,to,<10,2
512,hm,<BH,1
512,hm,<2.5,1
512,hm,<5,0
512,hm,<6,0
512,hm,<7,0
512,hm,<8,0
512,hm,<9,0
512,hm,<10,0
513,to,<BH,45
513,to,<2.5,14
513,to,<5,5
513,to,<6,0
513,to,<7,0
513,to,<8,0
513,to,<9,0
513,to,<10,0
513,rw,<BH,16
513,rw,<2.5,0
513,rw,<5,0
513,rw,<6,0
513,rw,<7,2
513,rw,<8,0
513,rw,<9,0
513,rw,<10,0
514,to,<BH,49
514,to,<2.5,2
514,to,<5,3
514,to,<6,7
514,to,<7,1
514,to,<8,1
514,to,<9,3
514,to,<10,0
514,rw,<BH,7
514,rw,<2.5,2
514,rw,<5,0
514,rw,<6,0
514,rw,<7,0
514,rw,<8,0
514,rw,<9,0
514,rw,<10,0
514,df,<BH,0
514,df,<2.5,0
514,df,<5,1
514,df,<6,0
514,df,<7,0
514,df,<8,0
514,df,<9,0
514,df,<10,0
515,to,<BH,18
515,to,<2.5,56
515,to,<5,1
515,to,<6,0
515,to,<7,0
515,to,<8,0
515,to,<9,0
515,to,<10,1
515,df,<BH,7
515,df,<2.5,0
515,df,<5,0
515,df,<6,0
515,df,<7,0
515,df,<8,0
515,df,<9,0
515,df,<10,0
515,rw,<BH,2
515,rw,<2.5,10
515,rw,<5,1
515,rw,<6,0
515,rw,<7,1
515,rw,<8,0
515,rw,<9,0
515,rw,<10,0
515,gc,<BH,0
515,gc,<2.5,2
515,gc,<5,0
515,gc,<6,0
515,gc,<7,0
515,gc,<8,0
515,gc,<9,0
515,gc,<10,0
516,to,<BH,32
516,to,<2.5,14
516,to,<5,0
516,to,<6,0
516,to,<7,1
516,to,<8,0
516,to,<9,0
516,to,<10,1
516,rw,<BH,4
516,rw,<2.5,0
516,rw,<5,2
516,rw,<6,0
516,rw,<7,0
516,rw,<8,0
516,rw,<9,0
516,rw,<10,0
517,rw,<BH,16
517,rw,<2.5,4
517,rw,<5,2
517,rw,<6,1
517,rw,<7,0
517,rw,<8,0
517,rw,<9,0
517,rw,<10,0
517,to,<BH,28
517,to,<2.5,12
517,to,<5,1
517,to,<6,1
517,to,<7,0
517,to,<8,1
517,to,<9,0
517,to,<10,0
517,df,<BH,8
517,df,<2.5,1
517,df,<5,0
517,df,<6,0
517,df,<7,0
517,df,<8,0
517,df,<9,0
517,df,<10,0
518,to,<BH,44
518,to,<2.5,24
518,to,<5,4
518,to,<6,2
518,to,<7,0
518,to,<8,2
518,to,<9,0
518,to,<10,1
518,rw,<BH,5
518,rw,<2.5,0
518,rw,<5,0
518,rw,<6,0
518,rw,<7,0
518,rw,<8,0
518,rw,<9,0
518,rw,<10,1
518,df,<BH,3
518,df,<2.5,0
518,df,<5,0
518,df,<6,0
518,df,<7,0
518,df,<8,0
518,df,<9,0
518,df,<10,0
519,to,<BH,27
519,to,<2.5,12
519,to,<5,4
519,to,<6,3
519,to,<7,7
519,to,<8,4
519,to,<9,3
519,to,<10,4
519,rw,<BH,6
519,rw,<2.5,0
519,rw,<5,0
519,rw,<6,0
519,rw,<7,0
519,rw,<8,0
519,rw,<9,0
519,rw,<10,0
519,df,<BH,2
519,df,<2.5,0
519,df,<5,0
519,df,<6,0
519,df,<7,0
519,df,<8,0
519,df,<9,0
519,df,<10,0
403,to,<BH,28
403,to,<2.5,4
403,to,<5,0
403,to,<6,0
403,to,<7,0
403,to,<8,0
403,to,<9,0
403,to,<10,0
403,gf,<BH,5
403,gf,<2.5,1
403,gf,<5,5
403,gf,<6,0
403,gf,<7,0
403,gf,<8,0
403,gf,<9,0
403,gf,<10,0
403,rw,<BH,14
403,rw,<2.5,13
403,rw,<5,0
403,rw,<6,1
403,rw,<7,1
403,rw,<8,1
403,rw,<9,0
403,rw,<10,1
404,to,<BH,235
404,to,<2.5,7
404,to,<5,2
404,to,<6,1
404,to,<7,0
404,to,<8,0
404,to,<9,0
404,to,<10,0
404,gf,<BH,24
404,gf,<2.5,25
404,gf,<5,6
404,gf,<6,0
404,gf,<7,0
404,gf,<8,0
404,gf,<9,0
404,gf,<10,0
404,df,<BH,2
404,df,<2.5,6
404,df,<5,7
404,df,<6,1
404,df,<7,1
404,df,<8,0
404,df,<9,0
404,df,<10,0
405,to,<BH,58
405,to,<2.5,32
405,to,<5,4
405,to,<6,0
405,to,<7,1
405,to,<8,1
405,to,<9,0
405,to,<10,0
405,gf,<BH,0
405,gf,<2.5,1
405,gf,<5,0
405,gf,<6,0
405,gf,<7,0
405,gf,<8,0
405,gf,<9,0
405,gf,<10,0
405,rw,<BH,0
405,rw,<2.5,3
405,rw,<5,0
405,rw,<6,0
405,rw,<7,0
405,rw,<8,0
405,rw,<9,0
405,rw,<10,0
406,to,<BH,52
406,to,<2.5,136
406,to,<5,0
406,to,<6,0
406,to,<7,0
406,to,<8,0
406,to,<9,0
406,to,<10,0
406,gf,<BH,18
406,gf,<2.5,0
406,gf,<5,0
406,gf,<6,0
406,gf,<7,0
406,gf,<8,0
406,gf,<9,0
406,gf,<10,0
406,df,<BH,10
406,df,<2.5,2
406,df,<5,2
406,df,<6,0
406,df,<7,0
406,df,<8,0
406,df,<9,0
406,df,<10,1
406,md,<BH,4
406,md,<2.5,3
406,md,<5,0
406,md,<6,0
406,md,<7,0
406,md,<8,0
406,md,<9,0
406,md,<10,0
407,to,<BH,45
407,to,<2.5,26
407,to,<5,6
407,to,<6,3
407,to,<7,1
407,to,<8,1
407,to,<9,0
407,to,<10,0
407,df,<BH,0
407,df,<2.5,6
407,df,<5,0
407,df,<6,0
407,df,<7,0
407,df,<8,0
407,df,<9,0
407,df,<10,0
407,rw,<BH,2
407,rw,<2.5,2
407,rw,<5,1
407,rw,<6,1
407,rw,<7,0
407,rw,<8,0
407,rw,<9,0
407,rw,<10,0
407,gf,<BH,4
407,gf,<2.5,0
407,gf,<5,0
407,gf,<6,0
407,gf,<7,0
407,gf,<8,0
407,gf,<9,0
407,gf,<10,0
542,to,<BH,33
542,to,<2.5,19
542,to,<5,17
542,to,<6,3
542,to,<7,1
542,to,<8,2
542,to,<9,2
542,to,<10,0
542,df,<BH,6
542,df,<2.5,16
542,df,<5,11
542,df,<6,4
542,df,<7,1
542,df,<8,0
542,df,<9,0
542,df,<10,0
542,rw,<BH,3
542,rw,<2.5,12
542,rw,<5,2
542,rw,<6,2
542,rw,<7,0
542,rw,<8,1
542,rw,<9,1
542,rw,<10,2
542,gf,<BH,1
542,gf,<2.5,2
542,gf,<5,0
542,gf,<6,0
542,gf,<7,0
542,gf,<8,0
542,gf,<9,0
542,gf,<10,0
543,to,<BH,42
543,to,<2.5,58
543,to,<5,8
543,to,<6,0
543,to,<7,0
543,to,<8,0
543,to,<9,1
543,to,<10,0
543,gf,<BH,7
543,gf,<2.5,3
543,gf,<5,1
543,gf,<6,0
543,gf,<7,0
543,gf,<8,0
543,gf,<9,0
543,gf,<10,0
543,rw,<BH,15
543,rw,<2.5,5
543,rw,<5,1
543,rw,<6,1
543,rw,<7,0
543,rw,<8,2
543,rw,<9,1
543,rw,<10,1
544,to,<BH,160
544,to,<2.5,17
544,to,<5,14
544,to,<6,3
544,to,<7,3
544,to,<8,1
544,to,<9,0
544,to,<10,1
544,gf,<BH,3
544,gf,<2.5,5
544,gf,<5,3
544,gf,<6,0
544,gf,<7,3
544,gf,<8,0
544,gf,<9,0
544,gf,<10,0
544,df,<BH,4
544,df,<2.5,3
544,df,<5,3
544,df,<6,0
544,df,<7,0
544,df,<8,0
544,df,<9,0
544,df,<10,1
544,rw,<BH,0
544,rw,<2.5,2
544,rw,<5,1
544,rw,<6,0
544,rw,<7,1
544,rw,<8,1
544,rw,<9,1
544,rw,<10,0
545,to,<BH,77
545,to,<2.5,33
545,to,<5,14
545,to,<6,2
545,to,<7,1
545,to,<8,3
545,to,<9,0
545,to,<10,0
545,rw,<BH,3
545,rw,<2.5,7
545,rw,<5,5
545,rw,<6,0
545,rw,<7,0
545,rw,<8,0
545,rw,<9,0
545,rw,<10,0
545,df,<BH,1
545,df,<2.5,7
545,df,<5,4
545,df,<6,0
545,df,<7,0
545,df,<8,0
545,df,<9,0
545,df,<10,0
546,to,<BH,49
546,to,<2.5,47
546,to,<5,25
546,to,<6,0
546,to,<7,0
546,to,<8,0
546,to,<9,0
546,to,<10,0
546,rw,<BH,17
546,rw,<2.5,28
546,rw,<5,8
546,rw,<6,0
546,rw,<7,1
546,rw,<8,3
546,rw,<9,1
546,rw,<10,2
546,df,<BH,1
546,df,<2.5,9
546,df,<5,2
546,df,<6,0
546,df,<7,1
546,df,<8,0
546,df,<9,0
546,df,<10,0
546,gf,<BH,0
546,gf,<2.5,1
546,gf,<5,3
546,gf,<6,1
546,gf,<7,0
546,gf,<8,0
546,gf,<9,0
546,gf,<10,0
546,hm,<BH,0
546,hm,<2.5,3
546,hm,<5,2
546,hm,<6,0
546,hm,<7,0
546,hm,<8,0
546,hm,<9,0
546,hm,<10,0
539,to,<BH,183
539,to,<2.5,21
539,to,<5,13
539,to,<6,1
539,to,<7,2
539,to,<8,1
539,to,<9,0
539,to,<10,1
539,rw,<BH,1
539,rw,<2.5,2
539,rw,<5,1
539,rw,<6,0
539,rw,<7,1
539,rw,<8,0
539,rw,<9,0
539,rw,<10,0
539,gf,<BH,0
539,gf,<2.5,0
539,gf,<5,1
539,gf,<6,0
539,gf,<7,0
539,gf,<8,0
539,gf,<9,1
539,gf,<10,0
535,gf,<BH,48
535,gf,<2.5,2
535,gf,<5,0
535,gf,<6,0
535,gf,<7,0
535,gf,<8,0
535,gf,<9,0
535,gf,<10,0
535,rw,<BH,3
535,rw,<2.5,12
535,rw,<5,8
535,rw,<6,1
535,rw,<7,0
535,rw,<8,0
535,rw,<9,0
535,rw,<10,0
535,df,<BH,11
535,df,<2.5,0
535,df,<5,0
535,df,<6,0
535,df,<7,0
535,df,<8,0
535,df,<9,0
535,df,<10,0
535,to,<BH,19
535,to,<2.5,39
535,to,<5,1
535,to,<6,0
535,to,<7,1
535,to,<8,1
535,to,<9,1
535,to,<10,0
536,rw,<BH,31
536,rw,<2.5,21
536,rw,<5,8
536,rw,<6,0
536,rw,<7,0
536,rw,<8,2
536,rw,<9,0
536,rw,<10,0
536,to,<BH,35
536,to,<2.5,33
536,to,<5,0
536,to,<6,0
536,to,<7,0
536,to,<8,0
536,to,<9,0
536,to,<10,0
536,gf,<BH,52
536,gf,<2.5,0
536,gf,<5,0
536,gf,<6,0
536,gf,<7,0
536,gf,<8,0
536,gf,<9,0
536,gf,<10,0
536,df,<BH,11
536,df,<2.5,0
536,df,<5,0
536,df,<6,0
536,df,<7,0
536,df,<8,0
536,df,<9,0
536,df,<10,0
537,to,<BH,115
537,to,<2.5,19
537,to,<5,1
537,to,<6,0
537,to,<7,3
537,to,<8,0
537,to,<9,0
537,to,<10,0
537,gf,<BH,5
537,gf,<2.5,8
537,gf,<5,2
537,gf,<6,0
537,gf,<7,0
537,gf,<8,0
537,gf,<9,0
537,gf,<10,0
537,df,<BH,8
537,df,<2.5,0
537,df,<5,5
537,df,<6,0
537,df,<7,0
537,df,<8,0
537,df,<9,0
537,df,<10,0
537,rw,<BH,40
537,rw,<2.5,1
537,rw,<5,8
537,rw,<6,2
537,rw,<7,3
537,rw,<8,0
537,rw,<9,0
537,rw,<10,0
538,to,<BH,91
538,to,<2.5,71
538,to,<5,12
538,to,<6,0
538,to,<7,0
538,to,<8,0
538,to,<9,0
538,to,<10,1
538,gf,<BH,0
538,gf,<2.5,1
538,gf,<5,0
538,gf,<6,0
538,gf,<7,0
538,gf,<8,0
538,gf,<9,0
538,gf,<10,0
538,rw,<BH,15
538,rw,<2.5,0
538,rw,<5,1
538,rw,<6,1
538,rw,<7,1
538,rw,<8,0
538,rw,<9,0
538,rw,<10,0
538,df,<BH,2
538,df,<2.5,0
538,df,<5,0
538,df,<6,0
538,df,<7,0
538,df,<8,0
538,df,<9,0
538,df,<10,0
163,rw,<BH,2
163,rw,<2.5,16
163,rw,<5,5
163,rw,<6,2
163,rw,<7,0
163,rw,<8,0
163,rw,<9,0
163,rw,<10,0
163,df,<BH,2
163,df,<2.5,2
163,df,<5,6
163,df,<6,5
163,df,<7,0
163,df,<8,1
163,df,<9,0
163,df,<10,0
163,hm,<BH,3
163,hm,<2.5,19
163,hm,<5,7
163,hm,<6,2
163,hm,<7,2
163,hm,<8,0
163,hm,<9,0
163,hm,<10,0
163,to,<BH,7
163,to,<2.5,16
163,to,<5,6
163,to,<6,4
163,to,<7,1
163,to,<8,2
163,to,<9,0
163,to,<10,0
162,rw,<BH,5
162,rw,<2.5,8
162,rw,<5,3
162,rw,<6,3
162,rw,<7,2
162,rw,<8,1
162,rw,<9,1
162,rw,<10,1
162,to,<BH,1
162,to,<2.5,8
162,to,<5,7
162,to,<6,4
162,to,<7,1
162,to,<8,1
162,to,<9,0
162,to,<10,0
162,ra,<BH,0
162,ra,<2.5,10
162,ra,<5,4
162,ra,<6,4
162,ra,<7,0
162,ra,<8,0
162,ra,<9,0
162,ra,<10,1
162,df,<BH,0
162,df,<2.5,14
162,df,<5,6
162,df,<6,3
162,df,<7,2
162,df,<8,0
162,df,<9,0
162,df,<10,4
162,gf,<BH,0
162,gf,<2.5,1
162,gf,<5,1
162,gf,<6,0
162,gf,<7,0
162,gf,<8,0
162,gf,<9,1
162,gf,<10,0
162,hm,<BH,6
162,hm,<2.5,2
162,hm,<5,3
162,hm,<6,0
162,hm,<7,1
162,hm,<8,0
162,hm,<9,1
162,hm,<10,0
162,wm,<BH,3
162,wm,<2.5,32
162,wm,<5,12
162,wm,<6,3
162,wm,<7,1
162,wm,<8,1
162,wm,<9,2
162,wm,<10,0
164,rw,<BH,5
164,rw,<2.5,12
164,rw,<5,8
164,rw,<6,0
164,rw,<7,2
164,rw,<8,3
164,rw,<9,1
164,rw,<10,1
164,to,<BH,0
164,to,<2.5,2
164,to,<5,3
164,to,<6,5
164,to,<7,2
164,to,<8,0
164,to,<9,1
164,to,<10,1
165,rw,<BH,12
165,rw,<2.5,27
165,rw,<5,24
165,rw,<6,1
165,rw,<7,2
165,rw,<8,1
165,rw,<9,0
165,rw,<10,2
165,to,<BH,14
165,to,<2.5,27
165,to,<5,6
165,to,<6,1
165,to,<7,0
165,to,<8,0
165,to,<9,1
165,to,<10,0
165,df,<BH,7
165,df,<2.5,0
165,df,<5,0
165,df,<6,0
165,df,<7,1
165,df,<8,0
165,df,<9,0
165,df,<10,0
166,rw,<BH,0
166,rw,<2.5,9
166,rw,<5,7
166,rw,<6,2
166,rw,<7,1
166,rw,<8,0
166,rw,<9,0
166,rw,<10,0
166,to,<BH,27
166,to,<2.5,4
166,to,<5,19
166,to,<6,2
166,to,<7,2
166,to,<8,0
166,to,<9,1
166,to,<10,1
166,df,<BH,0
166,df,<2.5,0
166,df,<5,0
166,df,<6,1
166,df,<7,2
166,df,<8,0
166,df,<9,0
166,df,<10,0
166,hm,<BH,0
166,hm,<2.5,0
166,hm,<5,3
166,hm,<6,0
166,hm,<7,3
166,hm,<8,1
166,hm,<9,0
166,hm,<10,2
167,rw,<BH,0
167,rw,<2.5,21
167,rw,<5,3
167,rw,<6,1
167,rw,<7,0
167,rw,<8,0
167,rw,<9,0
167,rw,<10,0
167,df,<BH,1
167,df,<2.5,1
167,df,<5,0
167,df,<6,0
167,df,<7,0
167,df,<8,0
167,df,<9,0
167,df,<10,0
167,gf,<BH,4
167,gf,<2.5,4
167,gf,<5,3
167,gf,<6,0
167,gf,<7,1
167,gf,<8,0
167,gf,<9,1
167,gf,<10,0
167,wm,<BH,8
167,wm,<2.5,38
167,wm,<5,7
167,wm,<6,0
167,wm,<7,0
167,wm,<8,1
167,wm,<9,0
167,wm,<10,0
167,hm,<BH,1
167,hm,<2.5,3
167,hm,<5,0
167,hm,<6,1
167,hm,<7,1
167,hm,<8,3
167,hm,<9,0
167,hm,<10,0
167,md,<BH,0
167,md,<2.5,1
167,md,<5,0
167,md,<6,0
167,md,<7,0
167,md,<8,0
167,md,<9,0
167,md,<10,0
167,to,<BH,24
167,to,<2.5,113
167,to,<5,19
167,to,<6,2
167,to,<7,1
167,to,<8,0
167,to,<9,2
167,to,<10,0
168,rw,<BH,0
168,rw,<2.5,7
168,rw,<5,3
168,rw,<6,0
168,rw,<7,1
168,rw,<8,0
168,rw,<9,1
168,rw,<10,0
168,to,<BH,12
168,to,<2.5,23
168,to,<5,6
168,to,<6,1
168,to,<7,6
168,to,<8,1
168,to,<9,1
168,to,<10,0
168,wm,<BH,0
168,wm,<2.5,0
168,wm,<5,0
168,wm,<6,1
168,wm,<7,0
168,wm,<8,1
168,wm,<9,0
168,wm,<10,0
168,gf,<BH,0
168,gf,<2.5,1
168,gf,<5,3
168,gf,<6,0
168,gf,<7,1
168,gf,<8,1
168,gf,<9,0
168,gf,<10,0
168,df,<BH,0
168,df,<2.5,0
168,df,<5,1
168,df,<6,0
168,df,<7,0
168,df,<8,0
168,df,<9,0
168,df,<10,0
169,rw,<BH,8
169,rw,<2.5,2
169,rw,<5,3
169,rw,<6,0
169,rw,<7,1
169,rw,<8,0
169,rw,<9,0
169,rw,<10,0
169,to,<BH,22
169,to,<2.5,5
169,to,<5,5
169,to,<6,0
169,to,<7,0
169,to,<8,4
169,to,<9,0
169,to,<10,0
169,df,<BH,2
169,df,<2.5,0
169,df,<5,0
169,df,<6,0
169,df,<7,0
169,df,<8,0
169,df,<9,0
169,df,<10,0
169,gf,<BH,0
169,gf,<2.5,2
169,gf,<5,1
169,gf,<6,0
169,gf,<7,0
169,gf,<8,1
169,gf,<9,0
169,gf,<10,0
169,wm,<BH,0
169,wm,<2.5,0
169,wm,<5,0
169,wm,<6,0
169,wm,<7,0
169,wm,<8,0
169,wm,<9,1
169,wm,<10,0
169,hm,<BH,0
169,hm,<2.5,0
169,hm,<5,1
169,hm,<6,2
169,hm,<7,0
169,hm,<8,0
169,hm,<9,0
169,hm,<10,0
170,rw,<BH,8
170,rw,<2.5,20
170,rw,<5,6
170,rw,<6,1
170,rw,<7,2
170,rw,<8,0
170,rw,<9,0
170,rw,<10,0
170,to,<BH,30
170,to,<2.5,10
170,to,<5,1
170,to,<6,1
170,to,<7,0
170,to,<8,1
170,to,<9,2
170,to,<10,0
170,gf,<BH,9
170,gf,<2.5,6
170,gf,<5,9
170,gf,<6,1
170,gf,<7,3
170,gf,<8,1
170,gf,<9,4
170,gf,<10,1
170,hm,<BH,0
170,hm,<2.5,4
170,hm,<5,4
170,hm,<6,0
170,hm,<7,4
170,hm,<8,1
170,hm,<9,0
170,hm,<10,1
170,wm,<BH,0
170,wm,<2.5,17
170,wm,<5,1
170,wm,<6,0
170,wm,<7,0
170,wm,<8,0
170,wm,<9,0
170,wm,<10,0
170,df,<BH,0
170,df,<2.5,0
170,df,<5,0
170,df,<6,0
170,df,<7,0
170,df,<8,0
170,df,<9,0
170,df,<10,1
171,rw,<BH,1
171,rw,<2.5,6
171,rw,<5,5
171,rw,<6,0
171,rw,<7,0
171,rw,<8,1
171,rw,<9,1
171,rw,<10,0
171,to,<BH,40
171,to,<2.5,39
171,to,<5,5
171,to,<6,0
171,to,<7,1
171,to,<8,0
171,to,<9,0
171,to,<10,1
171,df,<BH,6
171,df,<2.5,0
171,df,<5,2
171,df,<6,1
171,df,<7,2
171,df,<8,3
171,df,<9,2
171,df,<10,2
171,gf,<BH,1
171,gf,<2.5,0
171,gf,<5,2
171,gf,<6,1
171,gf,<7,2
171,gf,<8,3
171,gf,<9,2
171,gf,<10,2
171,hm,<BH,0
171,hm,<2.5,1
171,hm,<5,0
171,hm,<6,0
171,hm,<7,1
171,hm,<8,1
171,hm,<9,0
171,hm,<10,0
171,wm,<BH,0
171,wm,<2.5,5
171,wm,<5,0
171,wm,<6,0
171,wm,<7,0
171,wm,<8,0
171,wm,<9,0
171,wm,<10,1
172,rw,<BH,0
172,rw,<2.5,10
172,rw,<5,5
172,rw,<6,2
172,rw,<7,4
172,rw,<8,0
172,rw,<9,0
172,rw,<10,0
172,hm,<BH,11
172,hm,<2.5,0
172,hm,<5,0
172,hm,<6,0
172,hm,<7,0
172,hm,<8,1
172,hm,<9,0
172,hm,<10,0
172,to,<BH,5
172,to,<2.5,7
172,to,<5,3
172,to,<6,3
172,to,<7,0
172,to,<8,3
172,to,<9,0
172,to,<10,0
173,rw,<BH,7
173,rw,<2.5,8
173,rw,<5,6
173,rw,<6,1
173,rw,<7,2
173,rw,<8,0
173,rw,<9,1
173,rw,<10,1
173,df,<BH,2
173,df,<2.5,0
173,df,<5,0
173,df,<6,0
173,df,<7,0
173,df,<8,0
173,df,<9,0
173,df,<10,0
173,to,<BH,33
173,to,<2.5,24
173,to,<5,10
173,to,<6,0
173,to,<7,0
173,to,<8,0
173,to,<9,0
173,to,<10,0
174,rw,<BH,9
174,rw,<2.5,4
174,rw,<5,5
174,rw,<6,2
174,rw,<7,1
174,rw,<8,1
174,rw,<9,0
174,rw,<10,0
174,to,<BH,28
174,to,<2.5,23
174,to,<5,11
174,to,<6,3
174,to,<7,2
174,to,<8,4
174,to,<9,3
174,to,<10,2
174,df,<BH,1
174,df,<2.5,0
174,df,<5,1
174,df,<6,1
174,df,<7,1
174,df,<8,1
174,df,<9,0
174,df,<10,0
174,gf,<BH,0
174,gf,<2.5,4
174,gf,<5,4
174,gf,<6,3
174,gf,<7,3
174,gf,<8,1
174,gf,<9,0
174,gf,<10,0
174,hm,<BH,0
174,hm,<2.5,0
174,hm,<5,1
174,hm,<6,2
174,hm,<7,0
174,hm,<8,0
174,hm,<9,0
174,hm,<10,0
175,rw,<BH,15
175,rw,<2.5,7
175,rw,<5,4
175,rw,<6,3
175,rw,<7,2
175,rw,<8,0
175,rw,<9,0
175,rw,<10,0
175,to,<BH,18
175,to,<2.5,14
175,to,<5,4
175,to,<6,1
175,to,<7,1
175,to,<8,0
175,to,<9,0
175,to,<10,2
175,df,<BH,3
175,df,<2.5,0
175,df,<5,0
175,df,<6,1
175,df,<7,0
175,df,<8,0
175,df,<9,0
175,df,<10,0
175,gf,<BH,5
175,gf,<2.5,0
175,gf,<5,0
175,gf,<6,0
175,gf,<7,0
175,gf,<8,0
175,gf,<9,0
175,gf,<10,0
175,hm,<BH,1
175,hm,<2.5,1
175,hm,<5,5
175,hm,<6,0
175,hm,<7,2
175,hm,<8,2
175,hm,<9,0
175,hm,<10,0
176,rw,<BH,17
176,rw,<2.5,20
176,rw,<5,12
176,rw,<6,4
176,rw,<7,1
176,rw,<8,0
176,rw,<9,0
176,rw,<10,1
176,to,<BH,12
176,to,<2.5,32
176,to,<5,14
176,to,<6,3
176,to,<7,1
176,to,<8,0
176,to,<9,0
176,to,<10,0
176,bp,<BH,1
176,bp,<2.5,0
176,bp,<5,0
176,bp,<6,0
176,bp,<7,0
176,bp,<8,0
176,bp,<9,0
176,bp,<10,0
176,df,<BH,3
176,df,<2.5,0
176,df,<5,0
176,df,<6,0
176,df,<7,0
176,df,<8,0
176,df,<9,0
176,df,<10,0
530,rw,<BH,1
530,rw,<2.5,7
530,rw,<5,3
530,rw,<6,0
530,rw,<7,0
530,rw,<8,0
530,rw,<9,0
530,rw,<10,0
530,gf,<BH,21
530,gf,<2.5,0
530,gf,<5,0
530,gf,<6,0
530,gf,<7,0
530,gf,<8,0
530,gf,<9,0
530,gf,<10,0
530,df,<BH,12
530,df,<2.5,0
530,df,<5,0
530,df,<6,0
530,df,<7,0
530,df,<8,0
530,df,<9,0
530,df,<10,0
530,to,<BH,0
530,to,<2.5,20
530,to,<5,0
530,to,<6,0
530,to,<7,0
530,to,<8,0
530,to,<9,0
530,to,<10,0
530,hm,<BH,0
530,hm,<2.5,0
530,hm,<5,0
530,hm,<6,0
530,hm,<7,0
530,hm,<8,0
530,hm,<9,1
530,hm,<10,0
531,rw,<BH,17
531,rw,<2.5,12
531,rw,<5,1
531,rw,<6,0
531,rw,<7,0
531,rw,<8,0
531,rw,<9,0
531,rw,<10,1
531,to,<BH,5
531,to,<2.5,12
531,to,<5,2
531,to,<6,0
531,to,<7,0
531,to,<8,0
531,to,<9,0
531,to,<10,0
531,hm,<BH,2
531,hm,<2.5,3
531,hm,<5,1
531,hm,<6,0
531,hm,<7,0
531,hm,<8,0
531,hm,<9,2
531,hm,<10,0
532,to,<BH,39
532,to,<2.5,11
532,to,<5,0
532,to,<6,0
532,to,<7,0
532,to,<8,0
532,to,<9,0
532,to,<10,0
532,rw,<BH,12
532,rw,<2.5,5
532,rw,<5,5
532,rw,<6,0
532,rw,<7,1
532,rw,<8,0
532,rw,<9,0
532,rw,<10,0
532,df,<BH,3
532,df,<2.5,0
532,df,<5,0
532,df,<6,1
532,df,<7,2
532,df,<8,3
532,df,<9,2
532,df,<10,2
528,gf,<BH,6
528,gf,<2.5,0
528,gf,<5,0
528,gf,<6,0
528,gf,<7,0
528,gf,<8,0
528,gf,<9,2
528,gf,<10,0
528,df,<BH,26
528,df,<2.5,0
528,df,<5,0
528,df,<6,0
528,df,<7,0
528,df,<8,0
528,df,<9,0
528,df,<10,0
528,rw,<BH,33
528,rw,<2.5,2
528,rw,<5,1
528,rw,<6,0
528,rw,<7,1
528,rw,<8,0
528,rw,<9,0
528,rw,<10,0
528,to,<BH,26
528,to,<2.5,13
528,to,<5,0
528,to,<6,0
528,to,<7,0
528,to,<8,0
528,to,<9,0
528,to,<10,0
528,hm,<BH,1
528,hm,<2.5,1
528,hm,<5,1
528,hm,<6,2
528,hm,<7,0
528,hm,<8,1
528,hm,<9,1
528,hm,<10,0
528,wm,<BH,15
528,wm,<2.5,3
528,wm,<5,0
528,wm,<6,0
528,wm,<7,0
528,wm,<8,0
528,wm,<9,0
528,wm,<10,0
529,to,<BH,12
529,to,<2.5,16
529,to,<5,4
529,to,<6,1
529,to,<7,0
529,to,<8,0
529,to,<9,0
529,to,<10,0
529,df,<BH,14
529,df,<2.5,0
529,df,<5,0
529,df,<6,0
529,df,<7,0
529,df,<8,1
529,df,<9,0
529,df,<10,0
529,hm,<BH,10
529,hm,<2.5,1
529,hm,<5,1
529,hm,<6,0
529,hm,<7,2
529,hm,<8,0
529,hm,<9,0
529,hm,<10,1
529,bp,<BH,3
529,bp,<2.5,0
529,bp,<5,0
529,bp,<6,0
529,bp,<7,0
529,bp,<8,0
529,bp,<9,0
529,bp,<10,0
529,rw,<BH,0
529,rw,<2.5,2
529,rw,<5,2
529,rw,<6,3
529,rw,<7,0
529,rw,<8,0
529,rw,<9,0
529,rw,<10,0
529,ra,<BH,0
529,ra,<2.5,0
529,ra,<5,0
529,ra,<6,0
529,ra,<7,0
529,ra,<8,2
529,ra,<9,0
529,ra,<10,0
177,rw,<BH,4
177,rw,<2.5,4
177,rw,<5,2
177,rw,<6,0
177,rw,<7,0
177,rw,<8,0
177,rw,<9,0
177,rw,<10,0
177,to,<BH,28
177,to,<2.5,15
177,to,<5,4
177,to,<6,0
177,to,<7,7
177,to,<8,0
177,to,<9,1
177,to,<10,0
177,df,<BH,0
177,df,<2.5,0
177,df,<5,0
177,df,<6,1
177,df,<7,1
177,df,<8,2
177,df,<9,1
177,df,<10,3
177,gf,<BH,0
177,gf,<2.5,2
177,gf,<5,6
177,gf,<6,0
177,gf,<7,3
177,gf,<8,0
177,gf,<9,5
177,gf,<10,0
177,hm,<BH,0
177,hm,<2.5,0
177,hm,<5,4
177,hm,<6,1
177,hm,<7,5
177,hm,<8,1
177,hm,<9,1
177,hm,<10,3
178,rw,<BH,8
178,rw,<2.5,11
178,rw,<5,9
178,rw,<6,3
178,rw,<7,2
178,rw,<8,1
178,rw,<9,0
178,rw,<10,0
178,to,<BH,3
178,to,<2.5,19
178,to,<5,12
178,to,<6,4
178,to,<7,2
178,to,<8,0
178,to,<9,0
178,to,<10,0
178,df,<BH,4
178,df,<2.5,1
178,df,<5,1
178,df,<6,0
178,df,<7,1
178,df,<8,0
178,df,<9,0
178,df,<10,0
178,gf,<BH,6
178,gf,<2.5,8
178,gf,<5,8
178,gf,<6,1
178,gf,<7,0
178,gf,<8,0
178,gf,<9,0
178,gf,<10,0
178,wm,<BH,1
178,wm,<2.5,13
178,wm,<5,1
178,wm,<6,0
178,wm,<7,0
178,wm,<8,1
178,wm,<9,0
178,wm,<10,0
178,hm,<BH,0
178,hm,<2.5,2
178,hm,<5,3
178,hm,<6,0
178,hm,<7,0
178,hm,<8,0
178,hm,<9,0
178,hm,<10,0
179,rw,<BH,5
179,rw,<2.5,16
179,rw,<5,6
179,rw,<6,0
179,rw,<7,0
179,rw,<8,1
179,rw,<9,0
179,rw,<10,0
179,to,<BH,49
179,to,<2.5,79
179,to,<5,6
179,to,<6,0
179,to,<7,0
179,to,<8,0
179,to,<9,0
179,to,<10,1
179,df,<BH,6
179,df,<2.5,0
179,df,<5,0
179,df,<6,0
179,df,<7,0
179,df,<8,0
179,df,<9,0
179,df,<10,0
179,gf,<BH,2
179,gf,<2.5,2
179,gf,<5,1
179,gf,<6,1
179,gf,<7,0
179,gf,<8,0
179,gf,<9,0
179,gf,<10,1
180,rw,<BH,0
180,rw,<2.5,0
180,rw,<5,0
180,rw,<6,0
180,rw,<7,0
180,rw,<8,0
180,rw,<9,0
180,rw,<10,1
180,to,<BH,6
180,to,<2.5,5
180,to,<5,2
180,to,<6,0
180,to,<7,0
180,to,<8,2
180,to,<9,0
180,to,<10,1
180,df,<BH,0
180,df,<2.5,8
180,df,<5,4
180,df,<6,7
180,df,<7,6
180,df,<8,3
180,df,<9,2
180,df,<10,3
180,gf,<BH,0
180,gf,<2.5,4
180,gf,<5,2
180,gf,<6,0
180,gf,<7,0
180,gf,<8,1
180,gf,<9,0
180,gf,<10,0
181,to,<BH,0
181,to,<2.5,13
181,to,<5,7
181,to,<6,1
181,to,<7,0
181,to,<8,0
181,to,<9,0
181,to,<10,0
181,df,<BH,1
181,df,<2.5,21
181,df,<5,21
181,df,<6,5
181,df,<7,1
181,df,<8,1
181,df,<9,2
181,df,<10,0
181,gf,<BH,8
181,gf,<2.5,7
181,gf,<5,5
181,gf,<6,0
181,gf,<7,0
181,gf,<8,0
181,gf,<9,1
181,gf,<10,0
181,wm,<BH,0
181,wm,<2.5,0
181,wm,<5,1
181,wm,<6,0
181,wm,<7,0
181,wm,<8,0
181,wm,<9,0
181,wm,<10,1
181,rw,<BH,19
181,rw,<2.5,55
181,rw,<5,21
181,rw,<6,4
181,rw,<7,1
181,rw,<8,0
181,rw,<9,1
181,rw,<10,0
476,to,<BH,11
476,to,<2.5,15
476,to,<5,4
476,to,<6,0
476,to,<7,0
476,to,<8,0
476,to,<9,1
476,to,<10,0
476,hm,<BH,2
476,hm,<2.5,6
476,hm,<5,10
476,hm,<6,0
476,hm,<7,0
476,hm,<8,0
476,hm,<9,4
476,hm,<10,0
476,gf,<BH,15
476,gf,<2.5,8
476,gf,<5,15
476,gf,<6,2
476,gf,<7,0
476,gf,<8,0
476,gf,<9,0
476,gf,<10,0
476,df,<BH,3
476,df,<2.5,0
476,df,<5,3
476,df,<6,0
476,df,<7,2
476,df,<8,2
476,df,<9,0
476,df,<10,0
476,rw,<BH,1
476,rw,<2.5,5
476,rw,<5,1
476,rw,<6,0
476,rw,<7,3
476,rw,<8,0
476,rw,<9,1
476,rw,<10,0
476,wm,<BH,1
476,wm,<2.5,1
476,wm,<5,3
476,wm,<6,0
476,wm,<7,0
476,wm,<8,0
476,wm,<9,0
476,wm,<10,0
477,hm,<BH,7
477,hm,<2.5,9
477,hm,<5,6
477,hm,<6,2
477,hm,<7,1
477,hm,<8,2
477,hm,<9,1
477,hm,<10,2
477,rw,<BH,30
477,rw,<2.5,62
477,rw,<5,11
477,rw,<6,2
477,rw,<7,1
477,rw,<8,0
477,rw,<9,2
477,rw,<10,1
477,to,<BH,15
477,to,<2.5,41
477,to,<5,10
477,to,<6,1
477,to,<7,1
477,to,<8,0
477,to,<9,0
477,to,<10,2
477,gf,<BH,19
477,gf,<2.5,4
477,gf,<5,4
477,gf,<6,0
477,gf,<7,2
477,gf,<8,1
477,gf,<9,1
477,gf,<10,1
477,df,<BH,9
477,df,<2.5,6
477,df,<5,3
477,df,<6,1
477,df,<7,0
477,df,<8,1
477,df,<9,0
477,df,<10,0
477,wm,<BH,2
477,wm,<2.5,2
477,wm,<5,0
477,wm,<6,0
477,wm,<7,1
477,wm,<8,0
477,wm,<9,0
477,wm,<10,0
477,bp,<BH,1
477,bp,<2.5,0
477,bp,<5,0
477,bp,<6,0
477,bp,<7,0
477,bp,<8,0
477,bp,<9,0
477,bp,<10,0
478,gf,<BH,63
478,gf,<2.5,0
478,gf,<5,0
478,gf,<6,0
478,gf,<7,0
478,gf,<8,0
478,gf,<9,0
478,gf,<10,0
478,df,<BH,52
478,df,<2.5,0
478,df,<5,0
478,df,<6,0
478,df,<7,0
478,df,<8,0
478,df,<9,0
478,df,<10,1
478,rw,<BH,38
478,rw,<2.5,45
478,rw,<5,12
478,rw,<6,2
478,rw,<7,1
478,rw,<8,1
478,rw,<9,1
478,rw,<10,0
478,to,<BH,3
478,to,<2.5,1
478,to,<5,0
478,to,<6,0
478,to,<7,0
478,to,<8,0
478,to,<9,0
478,to,<10,0
478,hm,<BH,3
478,hm,<2.5,0
478,hm,<5,0
478,hm,<6,0
478,hm,<7,0
478,hm,<8,0
478,hm,<9,0
478,hm,<10,0
478,wm,<BH,0
478,wm,<2.5,5
478,wm,<5,1
478,wm,<6,0
478,wm,<7,0
478,wm,<8,0
478,wm,<9,0
478,wm,<10,0
479,gf,<BH,37
479,gf,<2.5,0
479,gf,<5,2
479,gf,<6,0
479,gf,<7,1
479,gf,<8,0
479,gf,<9,0
479,gf,<10,0
479,to,<BH,26
479,to,<2.5,54
479,to,<5,4
479,to,<6,1
479,to,<7,0
479,to,<8,0
479,to,<9,1
479,to,<10,0
479,hm,<BH,10
479,hm,<2.5,0
479,hm,<5,0
479,hm,<6,0
479,hm,<7,0
479,hm,<8,0
479,hm,<9,0
479,hm,<10,0
479,rw,<BH,0
479,rw,<2.5,2
479,rw,<5,3
479,rw,<6,2
479,rw,<7,2
479,rw,<8,1
479,rw,<9,1
479,rw,<10,1
480,df,<BH,30
480,df,<2.5,1
480,df,<5,0
480,df,<6,0
480,df,<7,0
480,df,<8,0
480,df,<9,0
480,df,<10,0
480,to,<BH,3
480,to,<2.5,4
480,to,<5,3
480,to,<6,0
480,to,<7,0
480,to,<8,0
480,to,<9,0
480,to,<10,1
480,gf,<BH,25
480,gf,<2.5,0
480,gf,<5,0
480,gf,<6,0
480,gf,<7,0
480,gf,<8,0
480,gf,<9,0
480,gf,<10,0
480,rw,<BH,5
480,rw,<2.5,21
480,rw,<5,5
480,rw,<6,1
480,rw,<7,0
480,rw,<8,0
480,rw,<9,1
480,rw,<10,0
480,hm,<BH,2
480,hm,<2.5,3
480,hm,<5,4
480,hm,<6,1
480,hm,<7,2
480,hm,<8,3
480,hm,<9,0
480,hm,<10,3
480,wm,<BH,0
480,wm,<2.5,0
480,wm,<5,1
480,wm,<6,0
480,wm,<7,0
480,wm,<8,0
480,wm,<9,0
480,wm,<10,0
182,to,<BH,37
182,to,<2.5,35
182,to,<5,27
182,to,<6,6
182,to,<7,6
182,to,<8,3
182,to,<9,3
182,to,<10,4
182,rw,<BH,0
182,rw,<2.5,1
182,rw,<5,1
182,rw,<6,0
182,rw,<7,0
182,rw,<8,0
182,rw,<9,0
182,rw,<10,0
182,gf,<BH,6
182,gf,<2.5,9
182,gf,<5,3
182,gf,<6,0
182,gf,<7,0
182,gf,<8,0
182,gf,<9,0
182,gf,<10,0
183,to,<BH,79
183,to,<2.5,18
183,to,<5,11
183,to,<6,7
183,to,<7,7
183,to,<8,3
183,to,<9,0
183,to,<10,2
183,gf,<BH,0
183,gf,<2.5,4
183,gf,<5,8
183,gf,<6,1
183,gf,<7,3
183,gf,<8,1
183,gf,<9,0
183,gf,<10,1
183,rw,<BH,0
183,rw,<2.5,8
183,rw,<5,0
183,rw,<6,2
183,rw,<7,1
183,rw,<8,0
183,rw,<9,0
183,rw,<10,0
183,df,<BH,1
183,df,<2.5,0
183,df,<5,0
183,df,<6,0
183,df,<7,0
183,df,<8,0
183,df,<9,0
183,df,<10,1
184,to,<BH,12
184,to,<2.5,11
184,to,<5,6
184,to,<6,0
184,to,<7,1
184,to,<8,1
184,to,<9,1
184,to,<10,0
184,df,<BH,1
184,df,<2.5,0
184,df,<5,0
184,df,<6,0
184,df,<7,0
184,df,<8,0
184,df,<9,0
184,df,<10,0
184,rw,<BH,1
184,rw,<2.5,1
184,rw,<5,2
184,rw,<6,1
184,rw,<7,2
184,rw,<8,1
184,rw,<9,0
184,rw,<10,3
184,gf,<BH,7
184,gf,<2.5,8
184,gf,<5,4
184,gf,<6,1
184,gf,<7,1
184,gf,<8,1
184,gf,<9,0
184,gf,<10,0
185,to,<BH,17
185,to,<2.5,9
185,to,<5,7
185,to,<6,2
185,to,<7,1
185,to,<8,3
185,to,<9,0
185,to,<10,1
185,rw,<BH,6
185,rw,<2.5,5
185,rw,<5,0
185,rw,<6,1
185,rw,<7,1
185,rw,<8,0
185,rw,<9,0
185,rw,<10,0
185,gf,<BH,4
185,gf,<2.5,5
185,gf,<5,0
185,gf,<6,0
185,gf,<7,0
185,gf,<8,1
185,gf,<9,2
185,gf,<10,0
185,df,<BH,30
185,df,<2.5,1
185,df,<5,0
185,df,<6,0
185,df,<7,0
185,df,<8,0
185,df,<9,0
185,df,<10,0
186,to,<BH,54
186,to,<2.5,11
186,to,<5,10
186,to,<6,5
186,to,<7,1
186,to,<8,2
186,to,<9,3
186,to,<10,3
186,df,<BH,2
186,df,<2.5,0
186,df,<5,0
186,df,<6,0
186,df,<7,0
186,df,<8,0
186,df,<9,1
186,df,<10,0
186,gf,<BH,0
186,gf,<2.5,1
186,gf,<5,8
186,gf,<6,3
186,gf,<7,4
186,gf,<8,5
186,gf,<9,2
186,gf,<10,0
187,rw,<BH,2
187,rw,<2.5,0
187,rw,<5,4
187,rw,<6,1
187,rw,<7,1
187,rw,<8,1
187,rw,<9,0
187,rw,<10,0
187,df,<BH,0
187,df,<2.5,2
187,df,<5,1
187,df,<6,0
187,df,<7,0
187,df,<8,1
187,df,<9,0
187,df,<10,2
187,gf,<BH,3
187,gf,<2.5,3
187,gf,<5,0
187,gf,<6,0
187,gf,<7,0
187,gf,<8,1
187,gf,<9,0
187,gf,<10,0
187,to,<BH,5
187,to,<2.5,2
187,to,<5,1
187,to,<6,2
187,to,<7,2
187,to,<8,1
187,to,<9,2
187,to,<10,1
188,rw,<BH,2
188,rw,<2.5,4
188,rw,<5,7
188,rw,<6,1
188,rw,<7,8
188,rw,<8,1
188,rw,<9,0
188,rw,<10,4
188,gf,<BH,0
188,gf,<2.5,0
188,gf,<5,0
188,gf,<6,0
188,gf,<7,2
188,gf,<8,0
188,gf,<9,0
188,gf,<10,0
188,to,<BH,12
188,to,<2.5,2
188,to,<5,2
188,to,<6,2
188,to,<7,0
188,to,<8,1
188,to,<9,0
188,to,<10,2
189,rw,<BH,2
189,rw,<2.5,8
189,rw,<5,6
189,rw,<6,2
189,rw,<7,1
189,rw,<8,0
189,rw,<9,0
189,rw,<10,1
189,gf,<BH,0
189,gf,<2.5,0
189,gf,<5,0
189,gf,<6,0
189,gf,<7,1
189,gf,<8,0
189,gf,<9,1
189,gf,<10,1
189,to,<BH,26
189,to,<2.5,7
189,to,<5,7
189,to,<6,1
189,to,<7,1
189,to,<8,2
189,to,<9,0
189,to,<10,2
190,rw,<BH,5
190,rw,<2.5,8
190,rw,<5,4
190,rw,<6,1
190,rw,<7,5
190,rw,<8,0
190,rw,<9,1
190,rw,<10,0
190,df,<BH,9
190,df,<2.5,4
190,df,<5,3
190,df,<6,0
190,df,<7,1
190,df,<8,0
190,df,<9,0
190,df,<10,0
190,gf,<BH,0
190,gf,<2.5,0
190,gf,<5,1
190,gf,<6,1
190,gf,<7,0
190,gf,<8,0
190,gf,<9,0
190,gf,<10,0
190,to,<BH,3
190,to,<2.5,6
190,to,<5,0
190,to,<6,2
190,to,<7,0
190,to,<8,0
190,to,<9,0
190,to,<10,0
191,rw,<BH,0
191,rw,<2.5,0
191,rw,<5,1
191,rw,<6,0
191,rw,<7,0
191,rw,<8,0
191,rw,<9,0
191,rw,<10,1
191,df,<BH,0
191,df,<2.5,0
191,df,<5,2
191,df,<6,0
191,df,<7,1
191,df,<8,1
191,df,<9,0
191,df,<10,3
191,to,<BH,0
191,to,<2.5,2
191,to,<5,2
191,to,<6,3
191,to,<7,3
191,to,<8,2
191,to,<9,1
191,to,<10,0
192,rw,<BH,5
192,rw,<2.5,5
192,rw,<5,2
192,rw,<6,0
192,rw,<7,0
192,rw,<8,0
192,rw,<9,0
192,rw,<10,0
192,df,<BH,1
192,df,<2.5,0
192,df,<5,0
192,df,<6,0
192,df,<7,0
192,df,<8,0
192,df,<9,0
192,df,<10,0
192,gf,<BH,3
192,gf,<2.5,2
192,gf,<5,0
192,gf,<6,0
192,gf,<7,0
192,gf,<8,0
192,gf,<9,0
192,gf,<10,0
192,to,<BH,17
192,to,<2.5,6
192,to,<5,1
192,to,<6,2
192,to,<7,0
192,to,<8,1
192,to,<9,0
192,to,<10,1
193,rw,<BH,8
193,rw,<2.5,12
193,rw,<5,5
193,rw,<6,1
193,rw,<7,1
193,rw,<8,0
193,rw,<9,0
193,rw,<10,0
193,df,<BH,0
193,df,<2.5,0
193,df,<5,0
193,df,<6,0
193,df,<7,1
193,df,<8,0
193,df,<9,0
193,df,<10,0
193,gf,<BH,0
193,gf,<2.5,1
193,gf,<5,2
193,gf,<6,1
193,gf,<7,1
193,gf,<8,4
193,gf,<9,3
193,gf,<10,2
193,to,<BH,1
193,to,<2.5,7
193,to,<5,8
193,to,<6,2
193,to,<7,4
193,to,<8,2
193,to,<9,2
193,to,<10,2
194,to,<BH,17
194,to,<2.5,10
194,to,<5,10
194,to,<6,0
194,to,<7,4
194,to,<8,0
194,to,<9,0
194,to,<10,1
194,rw,<BH,0
194,rw,<2.5,6
194,rw,<5,2
194,rw,<6,0
194,rw,<7,1
194,rw,<8,0
194,rw,<9,0
194,rw,<10,1
194,df,<BH,3
194,df,<2.5,6
194,df,<5,8
194,df,<6,1
194,df,<7,1
194,df,<8,2
194,df,<9,0
194,df,<10,0
195,to,<BH,6
195,to,<2.5,10
195,to,<5,1
195,to,<6,0
195,to,<7,0
195,to,<8,0
195,to,<9,0
195,to,<10,1
195,gf,<BH,2
195,gf,<2.5,2
195,gf,<5,12
195,gf,<6,0
195,gf,<7,0
195,gf,<8,3
195,gf,<9,0
195,gf,<10,1
195,df,<BH,4
195,df,<2.5,2
195,df,<5,10
195,df,<6,0
195,df,<7,1
195,df,<8,1
195,df,<9,1
195,df,<10,0
195,rw,<BH,0
195,rw,<2.5,2
195,rw,<5,1
195,rw,<6,0
195,rw,<7,0
195,rw,<8,0
195,rw,<9,0
195,rw,<10,1
196,to,<BH,21
196,to,<2.5,3
196,to,<5,3
196,to,<6,4
196,to,<7,2
196,to,<8,1
196,to,<9,3
196,to,<10,1
196,df,<BH,30
196,df,<2.5,3
196,df,<5,3
196,df,<6,2
196,df,<7,2
196,df,<8,0
196,df,<9,0
196,df,<10,1
196,gf,<BH,2
196,gf,<2.5,2
196,gf,<5,2
196,gf,<6,4
196,gf,<7,1
196,gf,<8,0
196,gf,<9,1
196,gf,<10,1
196,rw,<BH,3
196,rw,<2.5,5
196,rw,<5,5
196,rw,<6,0
196,rw,<7,0
196,rw,<8,1
196,rw,<9,1
196,rw,<10,1
197,to,<BH,40
197,to,<2.5,70
197,to,<5,30
197,to,<6,12
197,to,<7,3
197,to,<8,3
197,to,<9,2
197,to,<10,2
197,df,<BH,41
197,df,<2.5,5
197,df,<5,4
197,df,<6,1
197,df,<7,1
197,df,<8,2
197,df,<9,0
197,df,<10,0
197,gf,<BH,4
197,gf,<2.5,0
197,gf,<5,2
197,gf,<6,4
197,gf,<7,1
197,gf,<8,3
197,gf,<9,0
197,gf,<10,1
197,rw,<BH,3
197,rw,<2.5,4
197,rw,<5,0
197,rw,<6,0
197,rw,<7,0
197,rw,<8,1
197,rw,<9,2
197,rw,<10,0
198,to,<BH,49
198,to,<2.5,30
198,to,<5,9
198,to,<6,3
198,to,<7,1
198,to,<8,3
198,to,<9,3
198,to,<10,0
198,df,<BH,3
198,df,<2.5,1
198,df,<5,0
198,df,<6,0
198,df,<7,0
198,df,<8,1
198,df,<9,1
198,df,<10,0
198,gf,<BH,5
198,gf,<2.5,11
198,gf,<5,0
198,gf,<6,0
198,gf,<7,0
198,gf,<8,0
198,gf,<9,0
198,gf,<10,0
198,rw,<BH,24
198,rw,<2.5,12
198,rw,<5,2
198,rw,<6,3
198,rw,<7,0
198,rw,<8,1
198,rw,<9,1
198,rw,<10,1
199,to,<BH,68
199,to,<2.5,38
199,to,<5,4
199,to,<6,3
199,to,<7,2
199,to,<8,2
199,to,<9,3
199,to,<10,2
199,df,<BH,9
199,df,<2.5,0
199,df,<5,0
199,df,<6,0
199,df,<7,0
199,df,<8,0
199,df,<9,0
199,df,<10,0
199,gf,<BH,1
199,gf,<2.5,0
199,gf,<5,1
199,gf,<6,1
199,gf,<7,0
199,gf,<8,0
199,gf,<9,0
199,gf,<10,0
199,rw,<BH,2
199,rw,<2.5,9
199,rw,<5,4
199,rw,<6,3
199,rw,<7,1
199,rw,<8,2
199,rw,<9,0
199,rw,<10,0
200,rw,<BH,27
200,rw,<2.5,3
200,rw,<5,4
200,rw,<6,0
200,rw,<7,0
200,rw,<8,0
200,rw,<9,0
200,rw,<10,1
200,df,<BH,0
200,df,<2.5,0
200,df,<5,2
200,df,<6,0
200,df,<7,0
200,df,<8,0
200,df,<9,0
200,df,<10,0
200,gf,<BH,1
200,gf,<2.5,0
200,gf,<5,1
200,gf,<6,0
200,gf,<7,0
200,gf,<8,0
200,gf,<9,0
200,gf,<10,0
200,to,<BH,15
200,to,<2.5,4
200,to,<5,14
200,to,<6,6
200,to,<7,1
200,to,<8,3
200,to,<9,1
200,to,<10,2
201,rw,<BH,10
201,rw,<2.5,2
201,rw,<5,9
201,rw,<6,2
201,rw,<7,2
201,rw,<8,2
201,rw,<9,1
201,rw,<10,2
201,df,<BH,6
201,df,<2.5,0
201,df,<5,0
201,df,<6,0
201,df,<7,0
201,df,<8,0
201,df,<9,0
201,df,<10,0
201,gf,<BH,0
201,gf,<2.5,4
201,gf,<5,5
201,gf,<6,3
201,gf,<7,1
201,gf,<8,0
201,gf,<9,0
201,gf,<10,0
201,to,<BH,8
201,to,<2.5,5
201,to,<5,4
201,to,<6,2
201,to,<7,2
201,to,<8,0
201,to,<9,0
201,to,<10,1
202,to,<BH,9
202,to,<2.5,0
202,to,<5,1
202,to,<6,0
202,to,<7,0
202,to,<8,0
202,to,<9,0
202,to,<10,0
202,rw,<BH,13
202,rw,<2.5,3
202,rw,<5,0
202,rw,<6,0
202,rw,<7,1
202,rw,<8,0
202,rw,<9,0
202,rw,<10,0
202,gf,<BH,0
202,gf,<2.5,0
202,gf,<5,0
202,gf,<6,0
202,gf,<7,2
202,gf,<8,0
202,gf,<9,1
202,gf,<10,2
202,df,<BH,6
202,df,<2.5,0
202,df,<5,0
202,df,<6,0
202,df,<7,0
202,df,<8,0
202,df,<9,0
202,df,<10,0
203,rw,<BH,2
203,rw,<2.5,2
203,rw,<5,0
203,rw,<6,0
203,rw,<7,0
203,rw,<8,0
203,rw,<9,0
203,rw,<10,0
203,df,<BH,56
203,df,<2.5,0
203,df,<5,0
203,df,<6,0
203,df,<7,0
203,df,<8,0
203,df,<9,0
203,df,<10,0
203,gf,<BH,0
203,gf,<2.5,0
203,gf,<5,2
203,gf,<6,0
203,gf,<7,0
203,gf,<8,1
203,gf,<9,1
203,gf,<10,0
203,to,<BH,0
203,to,<2.5,0
203,to,<5,0
203,to,<6,0
203,to,<7,0
203,to,<8,0
203,to,<9,0
203,to,<10,1
204,to,<BH,21
204,to,<2.5,3
204,to,<5,3
204,to,<6,1
204,to,<7,2
204,to,<8,0
204,to,<9,0
204,to,<10,0
204,rw,<BH,0
204,rw,<2.5,1
204,rw,<5,1
204,rw,<6,1
204,rw,<7,0
204,rw,<8,0
204,rw,<9,0
204,rw,<10,0
204,gf,<BH,0
204,gf,<2.5,0
204,gf,<5,3
204,gf,<6,3
204,gf,<7,0
204,gf,<8,1
204,gf,<9,1
204,gf,<10,1
205,rw,<BH,1
205,rw,<2.5,0
205,rw,<5,0
205,rw,<6,0
205,rw,<7,0
205,rw,<8,1
205,rw,<9,0
205,rw,<10,0
205,to,<BH,2
205,to,<2.5,0
205,to,<5,0
205,to,<6,0
205,to,<7,0
205,to,<8,0
205,to,<9,0
205,to,<10,0
205,df,<BH,0
205,df,<2.5,2
205,df,<5,3
205,df,<6,0
205,df,<7,1
205,df,<8,0
205,df,<9,0
205,df,<10,3
205,gf,<BH,0
205,gf,<2.5,0
205,gf,<5,4
205,gf,<6,2
205,gf,<7,0
205,gf,<8,1
205,gf,<9,0
205,gf,<10,1
206,rw,<BH,11
206,rw,<2.5,0
206,rw,<5,1
206,rw,<6,0
206,rw,<7,0
206,rw,<8,0
206,rw,<9,1
206,rw,<10,1
206,to,<BH,2
206,to,<2.5,0
206,to,<5,0
206,to,<6,0
206,to,<7,0
206,to,<8,0
206,to,<9,0
206,to,<10,0
206,gf,<BH,0
206,gf,<2.5,0
206,gf,<5,1
206,gf,<6,0
206,gf,<7,0
206,gf,<8,0
206,gf,<9,1
206,gf,<10,2
207,rw,<BH,0
207,rw,<2.5,2
207,rw,<5,0
207,rw,<6,0
207,rw,<7,0
207,rw,<8,1
207,rw,<9,0
207,rw,<10,1
207,df,<BH,7
207,df,<2.5,0
207,df,<5,0
207,df,<6,0
207,df,<7,0
207,df,<8,0
207,df,<9,0
207,df,<10,0
207,gf,<BH,0
207,gf,<2.5,0
207,gf,<5,2
207,gf,<6,3
207,gf,<7,3
207,gf,<8,0
207,gf,<9,4
207,gf,<10,1
207,to,<BH,8
207,to,<2.5,2
207,to,<5,1
207,to,<6,0
207,to,<7,0
207,to,<8,0
207,to,<9,0
207,to,<10,0
208,gf,<BH,0
208,gf,<2.5,4
208,gf,<5,7
208,gf,<6,4
208,gf,<7,0
208,gf,<8,0
208,gf,<9,0
208,gf,<10,1
208,to,<BH,11
208,to,<2.5,2
208,to,<5,7
208,to,<6,2
208,to,<7,3
208,to,<8,4
208,to,<9,2
208,to,<10,4
209,rw,<BH,1
209,rw,<2.5,0
209,rw,<5,2
209,rw,<6,0
209,rw,<7,1
209,rw,<8,1
209,rw,<9,0
209,rw,<10,1
209,df,<BH,0
209,df,<2.5,0
209,df,<5,0
209,df,<6,0
209,df,<7,1
209,df,<8,0
209,df,<9,0
209,df,<10,1
209,gf,<BH,0
209,gf,<2.5,3
209,gf,<5,1
209,gf,<6,0
209,gf,<7,0
209,gf,<8,1
209,gf,<9,1
209,gf,<10,0
209,to,<BH,20
209,to,<2.5,7
209,to,<5,7
209,to,<6,2
209,to,<7,2
209,to,<8,0
209,to,<9,2
209,to,<10,0
210,rw,<BH,0
210,rw,<2.5,11
210,rw,<5,2
210,rw,<6,0
210,rw,<7,0
210,rw,<8,0
210,rw,<9,0
210,rw,<10,0
210,df,<BH,0
210,df,<2.5,0
210,df,<5,1
210,df,<6,1
210,df,<7,2
210,df,<8,0
210,df,<9,0
210,df,<10,1
210,gf,<BH,0
210,gf,<2.5,6
210,gf,<5,3
210,gf,<6,1
210,gf,<7,0
210,gf,<8,1
210,gf,<9,0
210,gf,<10,0
210,to,<BH,18
210,to,<2.5,22
210,to,<5,10
210,to,<6,5
210,to,<7,1
210,to,<8,1
210,to,<9,0
210,to,<10,2
211,rw,<BH,0
211,rw,<2.5,3
211,rw,<5,3
211,rw,<6,0
211,rw,<7,1
211,rw,<8,1
211,rw,<9,0
211,rw,<10,1
211,df,<BH,1
211,df,<2.5,0
211,df,<5,1
211,df,<6,0
211,df,<7,1
211,df,<8,0
211,df,<9,0
211,df,<10,0
211,to,<BH,36
211,to,<2.5,3
211,to,<5,2
211,to,<6,2
211,to,<7,0
211,to,<8,0
211,to,<9,0
211,to,<10,0
