stageid,site,treatment,burn,plotnum,transectnum,azimuth,slope,metermark,depth,pctlitter,fbd,livewoody,deadwoody,woodyheight,liveherb,deadherb,herbheight,notes
1,bob,ls,b,12,1,0,3,5,11.0,30.0,,70.0,20.0,2.0,0.0,0.0,,under huckleberry at 5m
1,bob,ls,b,12,1,0,3,10,7.0,20.0,,20.0,0.5,1.4,3.0,0.5,0.1,under huckleberry at 5m
1,bob,ls,b,12,2,120,21,5,5.0,20.0,,0.5,0.0,0.1,3.0,0.0,0.2,
1,bob,ls,b,12,2,120,21,10,5.0,30.0,,30.0,3.0,1.4,0.5,0.0,0.1,
1,bob,ls,b,12,3,240,33,5,2.0,50.0,,5.0,0.5,1.8,0.5,0.0,0.1,
1,bob,ls,b,12,3,240,33,10,6.0,30.0,,30.0,3.0,1.2,0.5,0.5,0.1,
1,bob,ls,b,3,1,0,54,5,4.0,30.0,,20.0,0.0,0.8,40.0,10.0,0.5,
1,bob,ls,b,3,1,0,54,10,2.0,50.0,,40.0,3.0,0.6,10.0,10.0,0.4,
1,bob,ls,b,3,2,120,19,5,6.0,70.0,,30.0,0.5,1.0,10.0,0.5,0.4,
1,bob,ls,b,3,2,120,19,10,6.0,40.0,,20.0,0.5,1.2,0.5,0.0,0.1,
1,bob,ls,b,3,3,240,26,5,4.0,40.0,,40.0,3.0,0.8,20.0,10.0,0.6,
1,bob,ls,b,3,3,240,26,10,6.0,30.0,,30.0,3.0,0.8,20.0,3.0,0.4,
1,bob,ls,b,5,1,0,18,5,1.0,100.0,,40.0,3.0,1.3,20.0,10.0,0.5,huckleberry at 10m pieces of broken rw top are on transect at 10m
1,bob,ls,b,5,1,0,18,10,3.0,90.0,,60.0,3.0,1.4,0.0,0.0,,huckleberry at 10m pieces of broken rw top are on transect at 10m
1,bob,ls,b,5,2,120,18,5,2.0,90.0,,60.0,10.0,1.4,5.0,0.5,0.4,
1,bob,ls,b,5,2,120,18,10,2.0,80.0,,10.0,0.5,1.2,0.5,0.0,0.1,
1,bob,ls,b,5,3,240,18,5,2.0,90.0,,60.0,10.0,1.4,5.0,0.5,0.4,
1,bob,ls,b,5,3,240,18,10,2.0,80.0,,10.0,0.5,1.2,0.5,0.0,0.1,
1,bob,ls,b,6,1,0,4,5,1.0,90.0,,5.0,0.0,0.7,3.0,0.0,0.2,
1,bob,ls,b,6,1,0,4,10,7.0,30.0,,5.0,0.5,1.5,0.5,0.0,0.2,
1,bob,ls,b,6,2,120,18,5,8.0,10.0,,0.5,0.0,0.1,0.5,0.0,0.1,in skid
1,bob,ls,b,6,2,120,18,10,1.0,100.0,,0.0,0.0,,20.0,0.5,0.2,in skid
1,bob,ls,b,6,3,240,17,5,4.0,10.0,,3.0,0.5,0.5,30.0,0.5,0.1,5-10m in skid
1,bob,ls,b,6,3,240,17,10,6.0,30.0,,3.0,0.0,1.2,5.0,0.0,0.3,5-10m in skid
1,bob,ls,b,9,1,0,15,5,7.0,20.0,,3.0,0.0,2.0,30.0,3.0,0.3,middle in skid
1,bob,ls,b,9,1,0,15,10,1.0,90.0,,50.0,0.5,1.9,0.5,0.0,0.3,middle in skid
1,bob,ls,b,9,2,120,4,5,1.0,90.0,,0.5,0.0,0.3,30.0,3.0,0.4,"in skid, all iris"
1,bob,ls,b,9,2,120,4,10,4.0,30.0,,3.0,0.0,0.3,10.0,0.5,0.3,"in skid, all iris"
1,bob,ls,b,9,3,240,23,5,3.0,60.0,,5.0,0.0,1.4,20.0,3.0,0.3,"end and middle in skid, end in iris"
1,bob,ls,b,9,3,240,23,10,2.0,50.0,,0.5,0.0,0.3,31.0,3.0,0.4,"end and middle in skid, end in iris"
1,bob,ls,nb,1,1,0,17,5,5.0,40.0,,20.0,0.0,0.8,20.0,3.0,0.5,end in skid
1,bob,ls,nb,1,1,0,17,10,1.0,100.0,,5.0,0.5,0.6,10.0,0.5,0.2,end in skid
1,bob,ls,nb,1,2,120,17,5,1.0,50.0,,3.0,0.0,0.8,10.0,0.0,0.3,end in skid
1,bob,ls,nb,1,2,120,17,10,2.0,30.0,,10.0,0.5,0.4,40.0,3.0,0.4,end in skid
1,bob,ls,nb,1,3,240,10,5,1.0,100.0,,20.0,0.5,1.0,0.5,0.0,0.1,
1,bob,ls,nb,1,3,240,10,10,7.0,70.0,,20.0,0.0,0.8,10.0,0.5,0.3,
1,bob,ls,nb,12,1,353,38,5,4.0,80.0,,20.0,3.0,1.3,20.0,0.5,0.4,
1,bob,ls,nb,12,1,353,38,10,2.0,30.0,,40.0,10.0,1.0,0.5,0.0,0.1,
1,bob,ls,nb,12,2,120,19,5,1.0,100.0,,5.0,0.0,0.7,0.5,0.0,0.3,through skid
1,bob,ls,nb,12,2,120,19,10,1.0,100.0,,5.0,0.0,0.7,3.0,0.0,0.1,through skid
1,bob,ls,nb,12,3,240,26,5,1.0,100.0,,10.0,0.0,0.7,0.5,0.5,0.1,edge of skid
1,bob,ls,nb,12,3,240,26,10,1.0,100.0,,3.0,0.0,0.8,10.0,0.5,0.3,edge of skid
1,bob,ls,nb,3,1,0,24,5,9.0,20.0,,0.5,0.0,0.3,30.0,10.0,0.4,
1,bob,ls,nb,3,1,0,24,10,6.5,30.0,,10.0,0.0,1.1,3.0,0.0,0.1,
1,bob,ls,nb,3,2,120,43,5,4.0,70.0,,0.5,0.0,1.5,10.0,0.0,0.1,in skid
1,bob,ls,nb,3,2,120,43,10,10.0,20.0,,5.0,1.0,0.7,20.0,3.0,0.3,in skid
1,bob,ls,nb,3,3,240,29,5,11.0,70.0,,0.5,0.0,0.1,30.0,10.0,0.6,
1,bob,ls,nb,3,3,240,29,10,4.0,90.0,,0.0,0.0,,30.0,5.0,0.4,
1,bob,ls,nb,6,1,0,36,5,11.0,50.0,,70.0,3.0,2.0,10.0,0.5,0.5,
1,bob,ls,nb,6,1,0,36,10,12.0,40.0,,30.0,0.5,1.5,10.0,3.0,0.2,
1,bob,ls,nb,6,2,120,13,5,10.0,30.0,,40.0,3.0,1.9,10.0,3.0,0.5,begining crosses skid
1,bob,ls,nb,6,2,120,13,10,1.0,100.0,,10.0,0.0,1.7,40.0,10.0,0.6,begining crosses skid
1,bob,ls,nb,6,3,240,16,5,3.0,80.0,,3.0,0.5,0.6,20.0,0.0,0.1,in skid
1,bob,ls,nb,6,3,240,16,10,1.0,70.0,,5.0,0.5,1.7,20.0,3.0,0.3,in skid
1,bob,ls,nb,9,1,0,21,10,9.0,35.0,,80.0,10.0,1.9,3.0,0.0,0.1,huckleberry at 10m
1,bob,ls,nb,9,1,0,21,5,8.5,50.0,,10.0,3.0,1.0,3.0,0.0,0.1,huckleberry at 10m
1,bob,ls,nb,9,2,120,4,10,9.0,15.0,,30.0,10.0,2.0,0.5,0.0,0.1,
1,bob,ls,nb,9,2,120,4,5,8.0,10.0,,40.0,3.0,1.8,3.0,0.0,0.1,
1,bob,ls,nb,9,3,240,18,10,1.5,50.0,,5.0,0.5,1.1,10.0,3.0,0.5,
1,bob,ls,nb,9,3,240,18,5,8.0,10.0,,0.0,0.0,,5.0,0.5,0.3,
1,bob,m,b,1,1,0,16,5,2.0,30.0,,20.0,0.5,0.5,3.0,0.5,0.1,
1,bob,m,b,1,1,0,16,10,4.0,20.0,,30.0,0.0,1.0,10.0,0.5,0.2,
1,bob,m,b,1,2,120,12,5,4.0,40.0,,20.0,0.5,0.8,10.0,10.0,0.4,
1,bob,m,b,1,2,120,12,10,5.0,60.0,,10.0,0.5,1.2,40.0,20.0,0.4,
1,bob,m,b,1,3,240,2,5,3.0,50.0,,10.0,0.0,1.3,3.0,3.0,0.2,redwood foliage (branchlets) 2mm cutoff
1,bob,m,b,1,3,240,2,10,8.0,50.0,,30.0,0.5,1.5,3.0,0.5,0.2,redwood foliage (branchlets) 2mm cutoff
1,bob,m,b,11,1,0,13,5,9.0,90.0,,0.5,0.0,0.6,0.0,0.0,,
1,bob,m,b,11,1,0,13,10,5.0,60.0,,3.0,0.0,0.4,0.0,0.0,,
1,bob,m,b,11,2,120,21,5,2.0,90.0,,20.0,0.0,1.5,5.0,0.0,0.1,large redwood litter particles
1,bob,m,b,11,2,120,21,10,14.0,60.0,,0.0,0.5,1.8,0.0,0.0,,large redwood litter particles
1,bob,m,b,11,3,240,8,5,3.0,30.0,,20.0,0.0,1.3,0.0,0.0,,
1,bob,m,b,11,3,240,8,10,4.0,20.0,,30.0,3.0,0.7,10.0,0.5,0.3,
1,bob,m,b,4,1,0,43,5,12.0,50.0,,10.0,3.0,1.2,0.0,0.0,,large old-growth tree well
1,bob,m,b,4,1,0,43,10,12.0,20.0,,0.0,3.0,1.4,3.0,0.0,0.1,large old-growth tree well
1,bob,m,b,4,2,120,2,5,3.0,50.0,,0.5,0.0,0.4,3.0,0.5,0.2,along skid
1,bob,m,b,4,2,120,2,10,6.0,40.0,,3.0,0.0,0.4,20.0,3.0,0.3,along skid
1,bob,m,b,4,3,240,3,5,2.0,60.0,,0.5,0.0,0.6,3.0,10.0,0.3,in skid
1,bob,m,b,4,3,240,3,10,1.0,100.0,,3.0,0.0,0.7,3.0,5.0,0.3,in skid
1,bob,m,b,6,1,0,37,5,3.0,30.0,,30.0,3.0,1.4,0.0,0.0,,lots of huckleberry in plot
1,bob,m,b,6,1,0,37,10,5.0,20.0,,40.0,0.5,1.4,0.0,0.0,,lots of huckleberry in plot
1,bob,m,b,6,2,120,2,5,3.0,30.0,,10.0,20.0,1.0,0.0,0.0,,lots of huckleberry in plot
1,bob,m,b,6,2,120,2,10,4.0,20.0,,30.0,10.0,1.2,0.0,0.0,,lots of huckleberry in plot
1,bob,m,b,6,3,248,31,5,5.0,30.0,,50.0,10.0,1.3,0.0,0.0,,lots of huckleberry in plot
1,bob,m,b,6,3,248,31,10,5.0,20.0,,20.0,0.0,1.0,0.5,0.0,0.1,lots of huckleberry in plot
1,bob,m,b,7,1,0,42,10,6.0,70.0,,0.5,1.0,0.1,0.5,0.0,0.1,plot center in draw
1,bob,m,b,7,1,0,42,5,5.0,80.0,,0.5,0.0,0.3,3.0,0.5,0.3,plot center in draw
1,bob,m,b,7,2,120,21,10,3.0,30.0,,10.0,0.5,0.9,3.0,0.5,0.4,plot center in draw
1,bob,m,b,7,2,120,21,5,4.0,80.0,,0.0,0.0,,3.0,3.0,0.3,plot center in draw
1,bob,m,b,7,3,240,18,10,6.0,70.0,,5.0,0.5,1.8,0.5,0.0,0.1,plot center in draw
1,bob,m,b,7,3,240,18,5,3.0,60.0,,0.0,0.0,,0.0,0.0,,plot center in draw
1,bob,m,nb,1,1,0,25,5,6.0,30.0,,0.5,0.0,0.8,3.0,0.0,0.4,in skid
1,bob,m,nb,1,1,0,25,10,1.0,100.0,,0.0,0.0,,0.5,0.0,0.1,in skid
1,bob,m,nb,1,2,120,26,5,4.0,40.0,,3.0,0.0,0.9,0.0,0.0,,
1,bob,m,nb,1,2,120,26,10,14.0,20.0,,0.5,3.0,1.4,0.0,0.0,,
1,bob,m,nb,1,3,240,11,5,4.0,30.0,,0.5,0.0,1.2,0.5,0.0,0.2,
1,bob,m,nb,1,3,240,11,10,2.0,50.0,,5.0,3.0,0.4,0.5,0.0,0.4,
1,bob,m,nb,10,1,0,9,5,6.0,30.0,,10.0,0.5,1.2,0.0,0.0,,in skid
1,bob,m,nb,10,1,0,9,10,1.0,100.0,,0.0,0.0,,0.0,0.0,,in skid
1,bob,m,nb,10,2,120,19,5,1.0,100.0,,30.0,0.5,1.2,0.0,0.0,,partial skid
1,bob,m,nb,10,2,120,19,10,2.0,10.0,,0.5,0.0,0.3,0.0,0.0,,partial skid
1,bob,m,nb,10,3,240,24,5,4.0,80.0,,0.5,3.0,0.8,0.0,0.0,,through large downed tanoak with leaves
1,bob,m,nb,10,3,240,24,10,6.0,30.0,,10.0,0.5,0.5,0.0,0.0,,through large downed tanoak with leaves
1,bob,m,nb,11,1,0,51,5,8.0,30.0,,20.0,0.5,1.2,0.5,0.0,0.1,
1,bob,m,nb,11,1,0,51,10,4.0,10.0,,10.0,0.5,1.1,3.0,0.0,0.2,
1,bob,m,nb,11,2,120,3,5,5.0,20.0,,0.5,0.0,0.2,3.0,0.5,0.4,
1,bob,m,nb,11,2,120,3,10,6.0,20.0,,0.0,5.0,1.2,0.0,0.0,,
1,bob,m,nb,11,3,240,43,5,46.0,20.0,,0.5,5.0,1.2,0.0,0.0,,in old growth stump
1,bob,m,nb,11,3,240,43,10,14.0,40.0,,0.0,3.0,1.4,0.0,0.0,,in old growth stump
1,bob,m,nb,3,1,0,38,5,14.0,60.0,,3.0,0.0,1.1,0.5,0.5,0.6,
1,bob,m,nb,3,1,0,38,10,5.0,10.0,,0.5,0.0,1.6,5.0,3.0,0.7,
1,bob,m,nb,3,2,120,3,5,7.0,30.0,,0.5,3.0,1.3,0.5,0.0,0.4,
1,bob,m,nb,3,2,120,3,10,4.0,10.0,,5.0,0.5,1.2,0.5,0.5,0.2,
1,bob,m,nb,3,3,260,27,5,10.0,60.0,,0.0,3.0,1.2,0.5,0.5,0.2,
1,bob,m,nb,3,3,260,27,10,4.0,50.0,,3.0,0.0,1.0,0.0,0.0,,
1,bob,m,nb,7,1,0,21,5,1.0,100.0,,10.0,0.5,1.0,10.0,3.0,0.3,
1,bob,m,nb,7,1,0,21,10,3.0,60.0,,30.0,0.5,0.8,10.0,3.0,0.3,
1,bob,m,nb,7,2,146,14,5,5.0,30.0,,3.0,3.0,1.3,0.0,0.0,,
1,bob,m,nb,7,2,146,14,10,9.0,20.0,,10.0,3.0,1.4,0.0,0.0,,
1,bob,m,nb,7,3,240,1,5,50.0,5.0,,10.0,0.0,0.9,10.0,3.0,0.4,
1,bob,m,nb,7,3,240,1,10,5.0,40.0,,20.0,0.0,1.1,10.0,3.0,0.6,
1,bob,m,nb,8,1,0,5,5,1.0,100.0,,10.0,0.5,0.5,10.0,0.5,0.4,
1,bob,m,nb,8,1,0,5,10,9.0,40.0,,3.0,10.0,1.9,20.0,0.5,0.1,
1,bob,m,nb,8,2,120,21,5,13.0,20.0,,20.0,0.5,1.6,10.0,3.0,0.6,large down ceanothus
1,bob,m,nb,8,2,120,21,10,1.0,100.0,,40.0,10.0,1.8,10.0,3.0,0.3,large down ceanothus
1,bob,m,nb,8,3,240,54,5,7.0,10.0,,20.0,0.0,1.6,3.0,3.0,0.5,
1,bob,m,nb,8,3,240,54,10,6.0,40.0,,3.0,0.0,0.4,3.0,0.5,0.5,
1,bob,m,nb,9,1,0,14,5,7.0,70.0,,30.0,3.0,1.5,0.5,0.5,0.6,near skid at 10 m
1,bob,m,nb,9,1,0,14,10,3.0,30.0,,10.0,3.0,1.6,3.0,0.5,0.3,near skid at 10 m
1,bob,m,nb,9,2,120,18,5,7.0,30.0,,3.0,0.5,1.4,5.0,0.5,0.4,
1,bob,m,nb,9,2,120,18,10,2.0,100.0,,0.0,0.0,,3.0,3.0,0.6,
1,bob,m,nb,9,3,240,63,5,1.0,90.0,,5.0,0.5,1.5,5.0,0.5,0.4,in skid at 10 m
1,bob,m,nb,9,3,240,63,10,1.0,10.0,,0.0,0.0,,40.0,0.5,0.2,in skid at 10 m
1,bob,np,b,1,1,0,10,5,3.0,90.0,,50.0,3.0,1.4,0.5,0.0,0.2,
1,bob,np,b,1,1,0,10,10,1.0,100.0,,40.0,3.0,1.0,0.5,0.0,0.1,
1,bob,np,b,1,2,120,7,5,6.0,20.0,,0.0,0.0,,0.5,0.5,0.3,in skid
1,bob,np,b,1,2,120,7,10,1.0,100.0,,10.0,0.0,0.3,10.0,3.0,0.1,in skid
1,bob,np,b,1,3,240,4,5,3.0,80.0,,30.0,0.0,0.4,10.0,0.0,0.1,"crosses skid, skid edge at 10 m"
1,bob,np,b,1,3,240,4,10,1.0,100.0,,20.0,10.0,1.2,3.0,0.5,0.1,"crosses skid, skid edge at 10 m"
1,bob,np,b,12,1,0,7,5,7.0,40.0,,3.0,0.5,1.0,10.0,0.0,0.1,thick redwood needle cast
1,bob,np,b,12,1,0,7,10,2.0,70.0,,0.5,0.5,1.8,10.0,0.0,0.2,thick redwood needle cast
1,bob,np,b,12,2,120,2,5,4.0,70.0,,0.5,0.0,1.2,40.0,40.0,0.5,"seasonal seep, all sedge at 10 m"
1,bob,np,b,12,2,120,2,10,10.0,80.0,,20.0,0.0,0.4,30.0,50.0,0.7,"seasonal seep, all sedge at 10 m"
1,bob,np,b,12,3,240,1,5,9.0,30.0,,3.0,0.0,0.3,0.5,0.0,0.1,
1,bob,np,b,12,3,240,1,10,3.0,60.0,,0.5,0.0,0.4,0.5,0.0,0.1,
1,bob,np,b,3,1,0,54,5,3.0,10.0,,10.0,0.5,0.8,0.5,0.0,0.1,
1,bob,np,b,3,1,0,54,10,3.0,50.0,,10.0,0.5,0.5,3.0,0.0,0.1,
1,bob,np,b,3,2,120,12,5,2.0,40.0,,0.5,0.0,0.2,20.0,0.0,0.1,
1,bob,np,b,3,2,120,12,10,4.0,70.0,,10.0,0.5,0.5,3.0,0.0,0.1,
1,bob,np,b,3,3,240,19,5,1.0,80.0,,50.0,0.5,0.8,0.0,0.0,,huckleberry at 5 m
1,bob,np,b,3,3,240,19,10,3.0,60.0,,30.0,0.5,1.1,10.0,0.0,0.2,huckleberry at 5 m
1,bob,np,b,6,1,0,4,5,1.0,90.0,,20.0,3.0,0.9,0.5,0.0,0.1,
1,bob,np,b,6,1,0,4,10,1.0,100.0,,40.0,0.5,0.7,0.0,0.0,,
1,bob,np,b,6,2,120,10,5,6.0,20.0,,3.0,10.0,1.3,3.0,0.0,0.5,
1,bob,np,b,6,2,120,10,10,7.0,20.0,,10.0,0.5,1.1,0.5,0.0,0.2,
1,bob,np,b,6,3,240,8,5,5.0,30.0,,0.0,0.0,,0.5,0.0,0.1,redwood litter
1,bob,np,b,6,3,240,8,10,7.0,80.0,,0.5,0.0,0.4,0.5,0.0,0.1,redwood litter
1,bob,np,b,9,1,0,9,5,1.0,90.0,,0.0,0.0,,0.5,0.0,0.2,
1,bob,np,b,9,1,0,9,10,2.0,70.0,,0.5,0.0,0.7,0.5,0.0,0.1,
1,bob,np,b,9,2,120,8,5,8.0,20.0,,10.0,0.0,0.9,0.0,0.0,,tanoak at 10 m
1,bob,np,b,9,2,120,8,10,5.0,60.0,,50.0,3.0,1.2,0.5,0.0,0.1,tanoak at 10 m
1,bob,np,b,9,3,240,3,5,11.0,30.0,,0.5,0.0,0.2,3.0,0.5,0.3,"open area, lots of fuel, does not seem to be skid or landing"
1,bob,np,b,9,3,240,3,10,9.0,10.0,,20.0,0.0,1.0,3.0,0.0,0.2,"open area, lots of fuel, does not seem to be skid or landing"
1,bob,np,nb,1,1,0,13,5,10.0,20.0,,0.5,0.5,1.2,0.5,0.0,0.1,
1,bob,np,nb,1,1,0,13,10,5.0,60.0,,0.5,3.0,1.5,0.5,0.0,0.1,
1,bob,np,nb,1,2,120,8,5,6.0,30.0,,3.0,0.5,1.4,0.5,0.0,0.1,
1,bob,np,nb,1,2,120,8,10,2.0,90.0,,0.0,0.0,1.0,3.0,0.0,0.2,
1,bob,np,nb,1,3,240,19,5,4.0,80.0,,0.5,3.0,1.1,0.0,0.0,,
1,bob,np,nb,1,3,240,19,10,1.0,90.0,,0.5,0.0,1.0,3.0,0.5,0.8,
1,bob,np,nb,11,1,0,11,5,9.0,61.0,,3.0,0.0,0.8,0.0,0.0,,
1,bob,np,nb,11,1,0,11,10,6.0,50.0,,20.0,0.5,1.1,0.0,0.0,,
1,bob,np,nb,11,2,120,4,5,7.0,60.0,,10.0,0.5,0.8,0.0,0.0,,crosses downed trees from another experiment
1,bob,np,nb,11,2,120,4,10,7.0,60.0,,0.5,0.0,0.4,0.0,0.0,,crosses downed trees from another experiment
1,bob,np,nb,11,3,240,16,5,2.0,50.0,,3.0,0.5,1.0,0.0,0.0,,
1,bob,np,nb,11,3,240,16,10,8.0,40.0,,5.0,0.0,1.3,0.0,0.0,,
1,bob,np,nb,12,1,0,47,5,6.0,30.0,,0.0,3.0,1.0,3.0,0.5,0.7,through dead/down shrub
1,bob,np,nb,12,1,0,47,10,2.0,50.0,,0.5,5.0,1.6,0.5,0.5,0.5,through dead/down shrub
1,bob,np,nb,12,2,115,29,5,3.0,90.0,,0.5,0.5,0.4,0.5,0.0,0.2,
1,bob,np,nb,12,2,115,29,10,6.0,80.0,,5.0,0.0,1.2,0.0,0.0,,
1,bob,np,nb,12,3,240,42,5,4.0,10.0,,10.0,0.5,1.3,0.5,0.5,0.2,
1,bob,np,nb,12,3,240,42,10,10.0,30.0,,30.0,0.5,1.3,0.0,0.0,,
1,bob,np,nb,2,1,0,4,5,3.0,70.0,,0.5,0.0,1.4,0.5,0.5,0.4,
1,bob,np,nb,2,1,0,4,10,0.0,,,0.5,3.0,0.7,0.0,0.0,,
1,bob,np,nb,2,2,120,11,5,9.0,40.0,,0.5,0.0,1.1,0.5,0.5,0.3,in skid
1,bob,np,nb,2,2,120,11,10,1.0,100.0,,0.0,0.0,,10.0,0.5,0.4,in skid
1,bob,np,nb,2,3,240,24,5,1.0,100.0,,0.5,0.5,1.0,0.0,0.0,,
1,bob,np,nb,2,3,240,24,10,12.0,20.0,,0.5,0.5,1.2,0.0,0.0,,
1,bob,np,nb,7,1,0,9,5,2.0,100.0,,0.5,0.0,1.0,0.5,0.0,0.2,
1,bob,np,nb,7,1,0,9,10,8.0,90.0,,3.0,0.5,1.2,0.5,0.0,0.5,
1,bob,np,nb,7,2,120,14,5,2.0,90.0,,5.0,0.5,1.0,0.0,0.0,,
1,bob,np,nb,7,2,120,14,10,9.0,70.0,,0.5,3.0,0.8,0.0,0.0,,
1,bob,np,nb,7,3,240,12,5,5.0,80.0,,3.0,0.0,1.0,10.0,0.0,0.1,in skid
1,bob,np,nb,7,3,240,12,10,1.0,100.0,,0.0,0.0,,20.0,0.5,0.3,in skid
1,camp8,ls,b,12,1,358,15,5,11.0,60.0,16.0,0.5,0.0,0.1,1.0,0.5,0.2,
1,camp8,ls,b,12,1,358,15,10,6.0,30.0,8.0,0.5,0.0,0.2,0.0,0.0,,
1,camp8,ls,b,12,2,120,7,5,8.0,90.0,25.0,1.0,0.0,0.1,3.0,0.0,0.1,
1,camp8,ls,b,12,2,120,7,10,3.0,80.0,130.0,80.0,3.0,0.9,10.0,0.5,0.2,
1,camp8,ls,b,12,3,226,13,5,28.0,85.0,35.0,3.0,0.0,1.2,20.0,3.0,0.5,
1,camp8,ls,b,12,3,226,13,10,12.0,50.0,8.0,30.0,10.0,1.5,1.0,0.0,1.0,
1,camp8,ls,b,13,1,0,54,5,14.0,30.0,30.0,3.0,10.0,1.5,1.0,0.0,0.1,
1,camp8,ls,b,13,1,0,54,10,9.0,20.0,20.0,20.0,1.0,0.5,1.0,0.0,0.1,
1,camp8,ls,b,13,2,120,6,5,14.0,50.0,40.0,10.0,0.5,1.0,0.5,0.0,0.1,
1,camp8,ls,b,13,2,120,6,10,15.0,30.0,15.0,20.0,1.0,1.2,0.0,0.0,,
1,camp8,ls,b,13,3,240,38,5,10.0,10.0,20.0,0.0,20.0,1.0,3.0,0.5,0.2,
1,camp8,ls,b,13,3,240,38,10,12.0,25.0,35.0,20.0,40.0,1.5,30.0,10.0,0.2,
1,camp8,ls,b,3,1,0,8,5,6.0,30.0,8.0,10.0,1.0,1.5,20.0,20.0,0.5,
1,camp8,ls,b,3,1,0,8,10,8.0,40.0,20.0,30.0,3.0,1.4,20.0,50.0,0.7,
1,camp8,ls,b,3,2,120,32,5,8.0,50.0,35.0,0.0,1.0,1.0,20.0,30.0,0.2,
1,camp8,ls,b,3,2,120,32,10,12.0,30.0,15.0,1.0,0.0,0.7,10.0,40.0,0.5,
1,camp8,ls,b,3,3,240,25,5,5.0,40.0,20.0,10.0,0.5,1.0,0.0,0.0,,
1,camp8,ls,b,3,3,240,25,10,7.0,50.0,20.0,1.0,0.5,0.5,0.5,20.0,0.6,
1,camp8,ls,b,5,1,0,10,5,13.0,70.0,20.0,3.0,0.0,0.2,20.0,3.0,0.3,
1,camp8,ls,b,5,1,0,10,10,10.0,90.0,35.0,3.0,0.0,0.5,30.0,10.0,0.3,
1,camp8,ls,b,5,2,120,18,5,19.0,40.0,15.0,40.0,10.0,1.5,10.0,3.0,0.3,
1,camp8,ls,b,5,2,120,18,10,16.0,70.0,18.0,20.0,0.5,1.2,3.0,3.0,0.4,
1,camp8,ls,b,5,3,240,23,5,10.0,80.0,25.0,30.0,10.0,1.0,10.0,0.5,0.3,
1,camp8,ls,b,5,3,240,23,10,7.0,50.0,25.0,0.5,0.5,0.6,80.0,40.0,0.5,
1,dun,ls,b,7,1,322,37,5,9.0,10.0,12.0,20.0,0.5,0.9,0.0,0.0,,
1,dun,ls,b,7,1,322,37,10,5.0,10.0,8.0,30.0,0.5,1.3,0.0,0.0,,
1,dun,ls,b,7,2,120,30,5,9.0,70.0,15.0,0.0,0.0,,0.0,0.0,,
1,dun,ls,b,7,2,120,30,10,8.0,60.0,13.0,0.5,0.5,0.5,0.0,0.0,,
1,dun,ls,b,7,3,240,54,5,4.0,90.0,26.0,30.0,0.0,0.4,0.0,0.0,,
1,dun,ls,b,7,3,240,54,10,3.0,90.0,17.0,3.0,0.0,0.2,0.5,0.0,0.1,
1,camp8,ls,b,8,1,0,29,5,3.0,90.0,20.0,10.0,0.5,0.8,40.0,1.0,0.2,
1,camp8,ls,b,8,1,0,29,10,16.0,80.0,12.0,3.0,0.5,0.6,60.0,10.0,0.5,
1,camp8,ls,b,8,2,120,53,5,50.0,30.0,20.0,30.0,10.0,1.2,3.0,0.5,0.3,
1,camp8,ls,b,8,2,120,53,10,13.0,90.0,15.0,0.5,0.5,0.8,1.0,0.5,0.5,
1,camp8,ls,b,8,3,240,13,5,8.0,50.0,12.0,30.0,1.0,1.3,1.0,0.5,0.1,
1,camp8,ls,b,8,3,240,13,10,13.0,80.0,19.0,20.0,0.5,1.6,0.0,0.0,,
1,camp8,m,nb,1,1,0,4,5,1.0,50.0,10.0,3.0,3.0,1.3,0.5,0.0,0.1,
1,camp8,m,nb,1,1,0,4,10,4.0,70.0,10.0,0.5,20.0,2.0,0.5,0.0,0.1,
1,camp8,m,nb,1,2,120,5,5,2.0,90.0,110.0,30.0,10.0,2.0,0.5,0.0,0.1,
1,camp8,m,nb,1,2,120,5,10,1.0,100.0,40.0,10.0,0.0,0.8,0.5,0.0,0.2,
1,camp8,m,nb,1,3,235,7,5,5.0,20.0,10.0,30.0,10.0,2.0,0.0,0.0,,
1,camp8,m,nb,1,3,235,7,10,1.0,100.0,5.0,30.0,3.0,1.7,0.5,0.0,0.1,
1,camp8,m,nb,10,1,0,38,5,7.0,20.0,,10.0,3.0,0.9,3.0,0.0,0.1,
1,camp8,m,nb,10,1,0,38,10,21.0,10.0,,20.0,3.0,1.0,0.0,0.0,,
1,camp8,m,nb,10,2,120,8,5,7.0,20.0,,3.0,0.0,0.3,10.0,3.0,0.6,in skid
1,camp8,m,nb,10,2,120,8,10,1.0,100.0,,0.5,0.0,0.5,10.0,0.5,0.2,in skid
1,camp8,m,nb,10,3,240,25,5,1.0,90.0,,3.0,0.5,1.2,10.0,3.0,0.6,
1,camp8,m,nb,10,3,240,25,10,12.0,30.0,,40.0,3.0,2.0,0.5,0.0,0.1,
1,camp8,m,nb,3,1,0,9,5,8.0,30.0,30.0,10.0,0.5,1.7,0.5,0.0,0.1,large redwood trunk at 10 m
1,camp8,m,nb,3,1,0,9,10,2.0,90.0,5.0,40.0,10.0,2.0,0.0,0.0,,large redwood trunk at 10 m
1,camp8,m,nb,3,2,120,12,5,5.0,70.0,50.0,20.0,3.0,1.6,0.0,0.0,,
1,camp8,m,nb,3,2,120,12,10,7.0,40.0,30.0,3.0,0.5,1.2,0.5,0.0,0.2,
1,camp8,m,nb,3,3,240,9,5,5.0,60.0,20.0,30.0,3.0,2.0,0.5,0.0,0.2,"crosses skid, still a lot of fuel"
1,camp8,m,nb,3,3,240,9,10,2.0,50.0,30.0,20.0,3.0,1.6,0.5,0.0,0.1,"crosses skid, still a lot of fuel"
1,camp8,m,nb,4,1,0,10,5,10.0,10.0,50.0,10.0,3.0,1.7,0.5,0.0,0.2,started recording FBD
1,camp8,m,nb,4,1,0,10,10,9.0,20.0,110.0,20.0,0.0,1.0,3.0,0.5,0.6,started recording FBD
1,camp8,m,nb,4,2,120,33,5,6.0,20.0,90.0,3.0,0.5,1.0,3.0,0.5,0.5,
1,camp8,m,nb,4,2,120,33,10,3.0,40.0,20.0,3.0,0.5,0.6,3.0,0.0,0.1,
1,camp8,m,nb,4,3,240,31,5,9.0,30.0,20.0,20.0,0.5,1.3,0.0,0.0,,
1,camp8,m,nb,4,3,240,31,10,9.0,20.0,50.0,10.0,0.0,1.9,0.0,0.0,,
1,camp8,m,nb,6,1,335,21,5,5.0,40.0,,3.0,0.5,0.7,0.0,0.0,,offset: tall stump
1,camp8,m,nb,6,1,335,21,10,8.0,10.0,,0.0,0.0,,3.0,0.5,0.2,offset: tall stump
1,camp8,m,nb,6,2,120,28,5,3.0,100.0,,3.0,10.0,2.0,0.0,0.0,,
1,camp8,m,nb,6,2,120,28,10,3.0,80.0,,3.0,10.0,2.0,0.5,0.5,0.2,
1,camp8,m,nb,6,3,240,4,5,3.0,90.0,,3.0,0.0,0.6,3.0,0.5,0.3,
1,camp8,m,nb,6,3,240,4,10,9.0,80.0,,3.0,0.5,0.5,0.5,0.0,0.1,
1,camp8,m,b,11,1,0,33,5,10.0,30.0,5.0,3.0,0.0,0.4,10.0,3.0,0.5,crosses skid
1,camp8,m,b,11,1,0,33,10,8.0,80.0,5.0,10.0,3.0,1.3,3.0,0.5,0.5,crosses skid
1,camp8,m,b,11,2,120,21,5,8.0,20.0,20.0,3.0,0.0,0.7,10.0,3.0,0.5,
1,camp8,m,b,11,2,120,21,10,7.0,50.0,20.0,0.5,0.0,0.1,3.0,0.5,0.2,
1,camp8,m,b,11,3,240,0,5,6.0,10.0,30.0,3.0,0.0,0.4,10.0,3.0,0.5,end in denser area
1,camp8,m,b,11,3,240,0,10,1.0,90.0,40.0,3.0,0.0,0.3,10.0,3.0,0.5,end in denser area
1,camp8,m,b,13,1,0,27,5,10.0,20.0,40.0,10.0,3.0,1.1,3.0,0.5,0.4,plot edge of flag boundary
1,camp8,m,b,13,1,0,27,10,8.0,40.0,10.0,3.0,3.0,1.3,3.0,0.5,0.4,plot edge of flag boundary
1,camp8,m,b,13,2,120,32,5,3.0,30.0,5.0,20.0,0.0,0.5,10.0,0.5,0.5,plot edge of flag boundary
1,camp8,m,b,13,2,120,32,10,2.0,40.0,5.0,0.5,0.0,0.1,0.5,0.0,0.1,plot edge of flag boundary
1,camp8,m,b,13,3,240,4,5,3.0,50.0,10.0,20.0,0.0,1.0,0.5,0.0,0.2,plot edge of flag boundary
1,camp8,m,b,13,3,240,4,10,11.0,20.0,20.0,30.0,0.5,1.4,0.0,0.0,,plot edge of flag boundary
1,camp8,m,b,17,1,0,43,5,9.0,20.0,5.0,10.0,0.5,1.2,3.0,0.5,0.4,
1,camp8,m,b,17,1,0,43,10,8.0,40.0,5.0,3.0,0.0,0.2,3.0,0.5,0.2,
1,camp8,m,b,17,2,120,8,5,1.0,100.0,5.0,0.5,0.0,0.2,10.0,3.0,0.4,crosses skid
1,camp8,m,b,17,2,120,8,10,2.0,90.0,5.0,0.5,0.5,0.7,3.0,0.0,0.2,crosses skid
1,camp8,m,b,17,3,240,5,5,11.0,30.0,100.0,10.0,10.0,2.0,3.0,0.5,0.4,
1,camp8,m,b,17,3,240,5,10,1.0,90.0,10.0,3.0,0.0,0.7,3.0,0.5,0.4,
1,camp8,m,b,5,1,0,16,10,2.0,100.0,10.0,0.0,0.0,,10.0,3.0,0.4,"in skid, flat areas heavily skidded"
1,camp8,m,b,5,1,0,16,5,1.0,100.0,30.0,10.0,0.0,1.0,3.0,0.5,0.5,"in skid, flat areas heavily skidded"
1,camp8,m,b,5,2,120,27,10,4.0,70.0,20.0,20.0,0.0,1.5,3.0,0.5,0.6,"redwood sprouts at 5 m, crosses skid, flat areas heavily skidded"
1,camp8,m,b,5,2,120,27,5,4.0,80.0,20.0,40.0,0.5,2.0,0.0,0.0,,"redwood sprouts at 5 m, crosses skid, flat areas heavily skidded"
1,camp8,m,b,5,3,240,3,10,3.0,70.0,0.4,0.5,0.0,0.2,3.0,0.5,0.4,flat areas heavily skidded
1,camp8,m,b,5,3,240,3,5,2.0,80.0,0.2,20.0,3.0,1.3,3.0,0.5,0.3,flat areas heavily skidded
1,camp8,m,b,6,1,0,8,5,6.0,50.0,5.0,10.0,0.5,1.9,40.0,10.0,0.6,sword fern at 10 m
1,camp8,m,b,6,1,0,8,10,1.0,100.0,30.0,10.0,10.0,1.9,20.0,3.0,0.5,sword fern at 10 m
1,camp8,m,b,6,2,120,17,5,9.0,40.0,20.0,0.5,10.0,2.0,0.0,0.0,,redwood litter at 10 m
1,camp8,m,b,6,2,120,17,10,2.0,90.0,10.0,20.0,0.0,1.4,3.0,0.0,0.2,redwood litter at 10 m
1,camp8,m,b,6,3,240,28,5,8.0,80.0,5.0,3.0,3.0,0.9,0.5,0.0,0.1,
1,camp8,m,b,6,3,240,28,10,4.0,20.0,20.0,3.0,0.5,0.5,0.5,3.0,0.3,
1,camp8,ls,nb,12,1,0,4,5,24.0,50.0,,30.0,3.0,2.0,0.0,0.0,,across skid with lots of debris
1,camp8,ls,nb,12,1,0,4,10,3.0,40.0,,3.0,0.0,0.3,0.5,0.0,0.1,across skid with lots of debris
1,camp8,ls,nb,12,2,120,16,5,12.0,30.0,,3.0,0.5,1.2,0.5,0.0,0.1,
1,camp8,ls,nb,12,2,120,16,10,5.0,70.0,,30.0,3.0,1.4,0.5,0.0,0.2,
1,camp8,ls,nb,12,3,240,24,5,2.0,90.0,,10.0,0.0,0.5,3.0,0.0,0.1,
1,camp8,ls,nb,12,3,240,24,10,2.0,90.0,,10.0,3.0,1.6,10.0,0.5,0.1,
1,camp8,ls,nb,2,1,0,32,5,12.0,70.0,,10.0,3.0,1.7,0.5,0.0,0.1,
1,camp8,ls,nb,2,1,0,32,10,3.0,80.0,,10.0,0.5,1.1,3.0,0.0,0.3,
1,camp8,ls,nb,2,2,120,35,5,8.0,90.0,,30.0,3.0,2.0,3.0,0.0,0.2,
1,camp8,ls,nb,2,2,120,35,10,7.0,30.0,,3.0,0.5,1.1,3.0,0.0,0.1,
1,camp8,ls,nb,2,3,240,16,5,1.0,70.0,,3.0,0.5,1.7,10.0,3.0,0.6,
1,camp8,ls,nb,2,3,240,16,10,2.0,90.0,,0.0,0.5,1.8,3.0,0.5,0.5,
1,camp8,ls,nb,4,1,0,0,5,4.0,70.0,,10.0,0.5,1.9,20.0,0.5,0.6,
1,camp8,ls,nb,4,1,0,0,10,8.0,50.0,,10.0,0.5,1.3,0.5,0.0,0.1,
1,camp8,ls,nb,4,2,120,42,5,2.0,100.0,,20.0,0.0,0.5,3.0,0.0,0.3,
1,camp8,ls,nb,4,2,120,42,10,3.0,80.0,,10.0,0.0,0.9,0.5,0.0,0.1,
1,camp8,ls,nb,4,3,240,29,5,1.0,80.0,,0.5,0.0,0.2,10.0,0.5,0.4,
1,camp8,ls,nb,4,3,240,29,10,13.0,20.0,,20.0,0.5,1.0,3.0,0.5,0.7,
1,camp8,ls,nb,6,1,0,30,5,2.0,90.0,,10.0,0.5,1.2,3.0,0.0,1.4,
1,camp8,ls,nb,6,1,0,30,10,4.0,80.0,,3.0,0.0,0.4,3.0,0.5,0.5,
1,camp8,ls,nb,6,2,120,10,5,1.0,100.0,,0.5,0.0,0.7,10.0,3.0,0.9,"along skid edge, in skid at 10 m"
1,camp8,ls,nb,6,2,120,10,10,1.0,90.0,,0.5,0.5,1.2,0.5,0.0,0.2,"along skid edge, in skid at 10 m"
1,camp8,ls,nb,6,3,240,7,5,1.0,100.0,,0.5,0.0,0.2,20.0,0.5,0.2,all in skid
1,camp8,ls,nb,6,3,240,7,10,2.0,90.0,,0.5,0.0,0.1,20.0,3.0,0.4,all in skid
1,camp8,ls,nb,7,1,0,48,5,9.0,70.0,,30.0,0.5,1.7,0.0,0.0,,
1,camp8,ls,nb,7,1,0,48,10,1.0,100.0,,3.0,0.0,0.9,3.0,0.0,0.4,
1,camp8,ls,nb,7,2,120,28,5,9.0,50.0,,0.5,0.5,0.5,0.5,0.0,0.1,
1,camp8,ls,nb,7,2,120,28,10,6.0,20.0,,0.5,3.0,1.9,0.5,0.0,0.1,
1,camp8,ls,nb,7,3,240,29,5,11.0,10.0,,3.0,0.0,0.3,0.5,0.0,0.2,near skid edge
1,camp8,ls,nb,7,3,240,29,10,1.0,70.0,,0.5,0.0,0.1,3.0,0.5,0.1,near skid edge
1,camp8,np,b,10,1,0,13,5,9.0,40.0,17.0,0.5,0.0,0.1,1.0,0.0,0.1,
1,camp8,np,b,10,1,0,13,10,7.0,100.0,10.0,0.5,0.0,0.1,0.5,0.0,0.2,
1,camp8,np,b,10,2,120,20,5,4.0,20.0,2.0,0.0,0.0,,0.5,0.5,0.2,
1,camp8,np,b,10,2,120,20,10,8.0,60.0,12.0,0.5,0.0,0.5,3.0,0.5,0.2,
1,camp8,np,b,10,3,240,19,5,7.0,55.0,9.0,10.0,0.5,0.3,0.5,0.5,0.1,
1,camp8,np,b,10,3,240,19,10,10.0,70.0,11.0,3.0,0.5,0.2,0.0,0.0,,
1,camp8,np,b,2,1,0,19,5,12.0,80.0,27.0,3.0,25.0,0.1,0.5,0.5,0.2,
1,camp8,np,b,2,1,0,19,10,19.0,75.0,23.0,0.5,0.5,0.2,0.5,0.0,0.1,
1,camp8,np,b,2,2,120,13,5,2.0,100.0,40.0,30.0,0.5,0.6,10.0,0.0,0.1,
1,camp8,np,b,2,2,120,13,10,6.0,50.0,45.0,0.5,0.5,2.0,3.0,3.0,0.4,
1,camp8,np,b,2,3,240,11,5,11.0,60.0,20.0,0.5,0.0,0.2,0.5,0.0,0.1,
1,camp8,np,b,2,3,240,11,10,3.0,20.0,10.0,0.5,0.0,0.5,10.0,0.5,0.5,
1,camp8,np,b,4,1,0,18,5,1.0,100.0,5.0,0.5,0.0,0.2,30.0,1.0,0.1,
1,camp8,np,b,4,1,0,18,10,2.0,100.0,3.0,0.5,0.0,0.2,10.0,0.5,0.1,
1,camp8,np,b,4,2,120,9,5,3.0,10.0,4.0,3.0,0.5,0.2,40.0,30.0,0.3,
1,camp8,np,b,4,2,120,9,10,5.0,30.0,8.0,0.5,0.5,0.2,0.5,0.5,0.3,
1,camp8,np,b,4,3,240,16,5,6.0,30.0,20.0,10.0,0.0,0.3,0.5,0.0,0.5,
1,camp8,np,b,4,3,240,16,10,2.0,20.0,10.0,3.0,0.0,0.5,0.5,1.0,0.2,
1,camp8,np,b,7,1,0,22,5,8.0,100.0,15.0,40.0,3.0,2.0,3.0,1.0,0.3,
1,camp8,np,b,7,1,0,22,10,5.0,100.0,12.0,1.0,0.0,0.1,3.0,0.5,0.1,
1,camp8,np,b,7,2,120,5,5,8.0,70.0,11.0,0.5,0.5,0.1,1.0,0.5,0.1,
1,camp8,np,b,7,2,120,5,10,9.0,60.0,10.0,10.0,1.0,0.2,20.0,10.0,0.3,
1,camp8,np,b,7,3,240,6,5,5.0,30.0,10.0,0.0,0.0,,0.5,0.5,0.2,
1,camp8,np,b,7,3,240,6,10,3.0,20.0,5.0,0.0,0.0,,0.5,0.0,0.2,
1,camp8,np,b,8,1,0,9,5,3.0,100.0,7.0,40.0,0.5,0.9,0.5,0.0,0.1,
1,camp8,np,b,8,1,0,9,10,12.0,100.0,20.0,1.0,0.0,0.1,3.0,10.0,0.6,
1,camp8,np,b,8,2,120,6,5,2.0,100.0,3.0,20.0,0.5,1.0,10.0,0.5,0.1,
1,camp8,np,b,8,2,120,6,10,8.0,80.0,9.0,40.0,3.0,1.8,3.0,0.5,0.3,
1,camp8,np,b,8,3,240,9,5,1.0,90.0,2.0,50.0,10.0,0.5,0.0,0.0,,
1,camp8,np,b,8,3,240,9,10,8.0,60.0,10.0,3.0,0.5,0.2,0.5,0.5,0.3,
1,camp8,np,nb,10,1,0,10,5,9.0,70.0,18.0,0.0,0.0,,0.5,0.5,0.3,
1,camp8,np,nb,10,1,0,10,10,7.0,50.0,11.0,0.0,0.0,,0.5,10.0,0.1,
1,camp8,np,nb,10,2,120,15,5,23.0,40.0,30.0,30.0,10.0,1.0,10.0,0.0,0.2,
1,camp8,np,nb,10,2,120,15,10,18.0,50.0,20.0,3.0,10.0,1.5,0.0,0.0,,
1,camp8,np,nb,10,3,240,13,5,30.0,75.0,50.0,0.0,0.0,,10.0,0.0,0.2,
1,camp8,np,nb,10,3,240,13,10,6.0,50.0,14.0,0.0,0.0,,1.0,0.0,0.1,
1,camp8,np,nb,11,1,0,13,5,3.0,33.0,20.0,0.0,0.0,,30.0,30.0,0.2,
1,camp8,np,nb,11,1,0,13,10,6.0,50.0,15.0,0.0,0.0,,40.0,20.0,0.4,
1,camp8,np,nb,11,2,120,2,5,5.0,100.0,20.0,0.5,0.0,0.1,1.0,0.5,0.3,
1,camp8,np,nb,11,2,120,2,10,3.0,100.0,35.0,3.0,0.5,0.7,30.0,1.0,0.2,
1,camp8,np,nb,11,3,240,25,5,8.0,70.0,20.0,30.0,30.0,1.3,0.0,0.0,,
1,camp8,np,nb,11,3,240,25,10,8.0,90.0,10.0,0.5,0.5,0.1,0.0,0.0,,
1,camp8,np,nb,2,1,358,35,5,6.0,40.0,9.0,20.0,3.0,0.6,3.0,0.5,0.3,
1,camp8,np,nb,2,1,358,35,10,9.0,70.0,14.0,10.0,0.5,1.2,0.5,0.5,0.4,
1,camp8,np,nb,2,2,120,42,5,9.0,70.0,11.0,30.0,0.5,1.2,3.0,1.0,0.3,
1,camp8,np,nb,2,2,120,42,10,8.0,60.0,10.0,40.0,3.0,0.8,0.5,0.5,0.1,
1,camp8,np,nb,2,3,240,13,5,7.0,25.0,25.0,1.0,3.0,0.5,3.0,1.0,0.1,
1,camp8,np,nb,2,3,240,13,10,5.0,20.0,35.0,10.0,10.0,0.5,10.0,3.0,0.3,
1,camp8,np,nb,3,1,0,5,5,1.0,100.0,9.0,0.0,0.0,,0.5,0.0,0.2,
1,camp8,np,nb,3,1,0,5,10,5.0,30.0,11.0,10.0,0.5,0.6,0.5,0.0,0.3,
1,camp8,np,nb,3,2,120,11,5,7.0,50.0,9.0,1.0,0.0,0.7,0.5,0.5,0.1,
1,camp8,np,nb,3,2,120,11,10,8.0,60.0,8.0,0.5,0.0,0.4,0.5,0.0,0.1,
1,camp8,np,nb,3,3,240,10,5,6.0,75.0,15.0,1.0,0.0,0.3,10.0,0.0,0.1,
1,camp8,np,nb,3,3,240,10,10,15.0,50.0,30.0,30.0,10.0,1.0,1.0,0.0,0.1,
1,camp8,np,nb,8,1,0,28,5,3.0,100.0,8.0,0.5,0.0,0.2,3.0,0.5,0.2,
1,camp8,np,nb,8,1,0,28,10,5.0,100.0,25.0,10.0,1.0,0.8,0.0,0.5,0.2,
1,camp8,np,nb,8,2,120,13,5,7.0,90.0,9.0,1.0,0.5,0.7,0.0,0.0,,
1,camp8,np,nb,8,2,120,13,10,6.0,100.0,8.0,0.5,0.5,0.1,0.5,0.5,0.2,
1,camp8,np,nb,8,3,240,8,5,3.0,100.0,11.0,0.5,0.0,0.1,0.5,0.5,0.1,
1,camp8,np,nb,8,3,240,8,10,1.0,100.0,6.0,0.5,0.5,0.2,0.5,0.5,0.1,
1,crib,ls,b,1,1,3,7,5,1.0,100.0,,0.5,0.0,0.9,10.0,0.0,0.1,
1,crib,ls,b,1,1,3,7,10,4.0,50.0,,3.0,0.0,0.8,0.0,0.0,,
1,crib,ls,b,1,2,120,23,5,7.0,40.0,,0.5,0.5,1.1,0.5,0.5,0.4,
1,crib,ls,b,1,2,120,23,10,8.0,70.0,,0.5,3.0,1.5,0.0,0.0,,
1,crib,ls,b,1,3,240,36,5,14.0,60.0,,5.0,0.0,1.3,0.5,0.0,0.1,
1,crib,ls,b,1,3,240,36,10,5.0,80.0,,20.0,0.5,1.4,3.0,0.5,0.3,
1,crib,ls,b,11,1,0,5,5,13.0,50.0,,20.0,3.0,1.1,3.0,5.0,0.3,
1,crib,ls,b,11,1,0,5,10,14.0,30.0,,10.0,0.5,0.9,5.0,0.0,0.1,
1,crib,ls,b,11,2,105,22,5,4.0,50.0,,10.0,0.5,1.0,10.0,3.0,0.4,dead herb sword fern
1,crib,ls,b,11,2,105,22,10,7.0,40.0,,3.0,0.0,1.1,0.5,5.0,0.5,dead herb sword fern
1,crib,ls,b,11,3,240,49,5,9.0,60.0,,0.5,0.0,1.1,10.0,5.0,0.2,
1,crib,ls,b,11,3,240,49,10,12.0,70.0,,3.0,0.5,1.6,0.5,0.0,0.1,
1,crib,ls,b,14,1,343,13,5,1.0,100.0,,0.0,0.0,,10.0,5.0,0.5,"edge of skid at 5 m, in skid at 10 m"
1,crib,ls,b,14,1,343,13,10,1.0,100.0,,0.0,0.0,,40.0,0.0,0.4,"edge of skid at 5 m, in skid at 10 m"
1,crib,ls,b,14,2,120,13,5,2.0,100.0,,30.0,0.5,0.4,5.0,0.0,0.2,in skid at 5 m
1,crib,ls,b,14,2,120,13,10,5.0,60.0,,0.5,0.5,1.0,3.0,0.5,0.3,in skid at 5 m
1,crib,ls,b,14,3,240,39,5,6.0,70.0,,0.5,0.0,0.3,3.0,0.5,0.3,
1,crib,ls,b,14,3,240,39,10,1.0,100.0,,20.0,0.0,1.2,0.5,0.5,0.5,
1,crib,ls,b,21,1,0,6,5,3.0,90.0,,0.5,0.0,0.2,50.0,0.0,0.1,"in skid at 5m, in trees at 10m"
1,crib,ls,b,21,1,0,6,10,7.0,70.0,,40.0,20.0,1.4,10.0,0.0,0.2,"in skid at 5m, in trees at 10m"
1,crib,ls,b,21,2,120,7,5,4.0,50.0,,20.0,3.0,0.8,0.5,0.0,0.1,
1,crib,ls,b,21,2,120,7,10,11.0,60.0,,5.0,0.5,0.7,0.0,0.0,,
1,crib,ls,b,21,3,240,33,5,2.0,90.0,,3.0,0.0,0.7,50.0,0.0,0.1,whole transect in skid
1,crib,ls,b,21,3,240,33,10,1.0,100.0,,3.0,0.0,0.9,40.0,0.0,0.2,whole transect in skid
1,crib,ls,b,23,1,0,4,5,0.0,,,3.0,0.0,0.9,5.0,0.5,0.1,in skid
1,crib,ls,b,23,1,0,4,10,3.0,70.0,,5.0,3.0,1.0,0.5,0.5,0.2,in skid
1,crib,ls,b,23,2,120,41,5,11.0,80.0,,0.0,0.0,,0.0,0.0,,all trees in plot are on/near this transect
1,crib,ls,b,23,2,120,41,10,15.0,40.0,,5.0,0.5,0.8,3.0,0.0,0.1,all trees in plot are on/near this transect
1,crib,ls,b,23,3,240,29,5,4.0,50.0,,0.0,0.0,,40.0,3.0,0.5,
1,crib,ls,b,23,3,240,29,10,1.0,100.0,,5.0,0.0,0.4,0.5,0.0,0.1,
1,crib,ls,b,8,1,0,3,5,7.0,20.0,,0.5,0.0,0.3,0.0,0.0,,
1,crib,ls,b,8,1,0,3,10,4.0,80.0,,0.5,0.0,1.3,0.5,0.0,0.1,
1,crib,ls,b,8,2,120,43,5,4.0,100.0,,10.0,0.0,1.4,0.5,0.5,0.2,
1,crib,ls,b,8,2,120,43,10,2.0,100.0,,5.0,0.0,0.6,3.0,0.0,0.2,
1,crib,ls,b,8,3,240,32,5,3.0,70.0,,0.0,0.5,1.9,0.5,0.0,0.1,
1,crib,ls,b,8,3,240,32,10,4.0,80.0,,5.0,0.5,1.1,0.5,0.0,0.2,
1,crib,ls,nb,11,1,0,2,10,1.0,100.0,,40.0,0.0,1.4,5.0,0.0,0.1,
1,crib,ls,nb,11,1,0,2,5,5.5,20.0,,40.0,0.5,1.3,20.0,3.0,0.5,
1,crib,ls,nb,11,2,120,24,10,11.0,55.0,,3.0,0.0,1.2,20.0,10.0,0.7,sword fern
1,crib,ls,nb,11,2,120,24,5,1.0,100.0,,5.0,0.0,0.5,50.0,3.0,0.2,sword fern
1,crib,ls,nb,11,3,234,43,10,2.5,90.0,,20.0,0.5,1.4,10.0,10.0,0.4,
1,crib,ls,nb,11,3,234,43,5,10.0,40.0,,0.5,0.0,0.1,10.0,10.0,0.6,
1,crib,ls,nb,2,1,0,42,5,1.0,100.0,,3.0,0.0,0.8,3.0,0.5,0.4,in skid
1,crib,ls,nb,2,1,0,42,10,1.0,100.0,,5.0,0.0,0.9,10.0,0.5,0.3,in skid
1,crib,ls,nb,2,2,120,30,5,4.0,90.0,,40.0,3.0,1.4,0.5,0.0,0.2,
1,crib,ls,nb,2,2,120,30,10,8.0,60.0,,50.0,10.0,1.0,0.0,0.0,,
1,crib,ls,nb,2,3,240,1,5,4.0,50.0,,30.0,0.5,1.2,3.0,0.0,0.3,
1,crib,ls,nb,2,3,240,1,10,3.0,90.0,,20.0,0.0,0.8,0.5,0.0,0.1,
1,crib,ls,nb,4,1,0,30,5,5.0,100.0,,0.5,0.0,0.2,0.0,0.0,,
1,crib,ls,nb,4,1,0,30,10,8.0,30.0,,10.0,3.0,0.5,0.0,0.0,,
1,crib,ls,nb,4,2,120,29,5,5.0,50.0,,0.5,0.5,1.2,0.5,0.0,0.2,
1,crib,ls,nb,4,2,120,29,10,6.0,80.0,,5.0,0.5,0.7,0.5,0.0,0.3,
1,crib,ls,nb,4,3,240,5,5,3.0,90.0,,3.0,0.5,1.3,0.0,0.0,,
1,crib,ls,nb,4,3,240,5,10,2.0,100.0,,5.0,0.0,1.4,0.0,0.0,,
1,crib,ls,nb,8,1,0,8,10,10.0,50.0,,3.0,0.0,0.9,10.0,0.5,0.1,"open, wide tree spacing"
1,crib,ls,nb,8,1,0,8,5,6.5,40.0,,30.0,0.0,0.4,0.0,0.0,,"open, wide tree spacing"
1,crib,ls,nb,8,2,120,26,10,4.0,80.0,,0.0,0.0,,20.0,3.0,0.1,"ferns at 10m, open wide tree spacing"
1,crib,ls,nb,8,2,120,26,5,6.0,70.0,,1.0,0.0,0.2,10.0,5.0,0.7,"ferns at 10m, open wide tree spacing"
1,crib,ls,nb,8,3,240,9,10,55.0,75.0,,5.0,0.0,0.4,20.0,0.0,0.2,open wide tree spacing
1,crib,ls,nb,8,3,240,9,5,4.0,25.0,,3.0,0.0,0.5,10.0,0.0,0.1,open wide tree spacing
1,crib,ls,nb,9,1,0,9,5,7.0,30.0,,40.0,20.0,1.3,0.0,0.0,,
1,crib,ls,nb,9,1,0,9,10,8.0,10.0,,30.0,3.0,0.9,0.5,0.0,0.1,
1,crib,ls,nb,9,2,120,14,5,3.0,50.0,,60.0,30.0,22.0,6.0,0.0,0.1,
1,crib,ls,nb,9,2,120,14,10,2.0,60.0,,30.0,0.5,0.7,3.0,0.5,0.3,
1,crib,ls,nb,9,3,240,27,5,8.0,40.0,,30.0,0.5,1.4,0.5,0.0,0.3,litter piled by stump at 10m
1,crib,ls,nb,9,3,240,27,10,12.0,70.0,,20.0,0.0,0.9,3.0,0.5,0.4,litter piled by stump at 10m
1,crib,m,b,10,1,0,39,10,6.0,70.0,,3.0,3.0,1.4,10.0,5.0,0.2,
1,crib,m,b,10,1,0,39,5,2.0,90.0,,20.0,0.5,1.3,0.5,0.0,0.1,
1,crib,m,b,10,2,120,31,10,2.0,60.0,,5.0,0.0,1.0,3.0,0.0,0.2,in skid
1,crib,m,b,10,2,120,31,5,3.0,70.0,,20.0,10.0,1.5,0.5,3.0,0.4,in skid
1,crib,m,b,10,3,240,2,10,5.0,80.0,,0.5,5.0,1.7,0.5,0.0,0.2,
1,crib,m,b,10,3,240,2,5,4.0,50.0,,20.0,10.0,1.5,0.5,3.0,0.4,
1,crib,m,b,12,1,0,20,10,8.0,10.0,,40.0,0.5,1.0,0.0,0.0,,
1,crib,m,b,12,1,0,20,5,9.0,15.0,,100.0,10.0,2.0,0.5,3.0,1.4,
1,crib,m,b,12,2,120,21,10,3.0,10.0,,3.0,3.0,1.7,0.0,0.0,,
1,crib,m,b,12,2,120,21,5,3.0,35.0,,10.0,0.5,1.3,0.0,0.0,,
1,crib,m,b,12,3,240,17,10,7.0,30.0,,5.0,0.5,1.4,0.5,0.0,0.1,
1,crib,m,b,12,3,240,17,5,1.5,40.0,,30.0,0.5,1.4,3.0,0.0,0.1,
1,crib,m,b,19,1,0,17,5,1.5,100.0,,5.0,0.0,0.8,5.0,3.0,0.4,
1,crib,m,b,19,1,0,17,10,5.0,25.0,,5.0,0.5,1.5,30.0,0.0,0.1,
1,crib,m,b,19,2,120,62,5,13.0,40.0,,20.0,5.0,1.1,0.5,0.0,0.1,
1,crib,m,b,19,2,120,62,10,4.0,75.0,,5.0,0.0,1.3,10.0,5.0,0.6,
1,crib,m,b,19,3,240,30,5,10.0,100.0,,0.5,0.0,0.1,100.0,5.0,0.4,
1,crib,m,b,19,3,240,30,10,4.5,80.0,,10.0,0.5,1.0,40.0,3.0,0.3,
1,crib,m,b,2,1,0,36,10,2.5,70.0,,0.5,0.5,0.8,10.0,5.0,0.7,
1,crib,m,b,2,1,0,36,5,1.0,50.0,,0.0,3.0,1.0,5.0,3.0,0.3,
1,crib,m,b,2,2,120,8,10,3.5,50.0,,0.0,3.0,1.2,0.5,0.0,0.3,
1,crib,m,b,2,2,120,8,5,1.5,40.0,,0.0,3.0,0.8,3.0,0.5,0.2,
1,crib,m,b,2,3,240,20,10,2.5,20.0,,0.0,3.0,0.3,0.5,0.5,0.4,
1,crib,m,b,2,3,240,20,5,1.0,90.0,,10.0,0.5,1.0,0.5,0.5,0.1,
1,crib,m,b,4,1,0,47,10,6.0,15.0,,0.5,5.0,1.1,0.5,0.0,0.1,
1,crib,m,b,4,1,0,47,5,1.0,40.0,,5.0,0.5,1.2,10.0,5.0,0.8,
1,crib,m,b,4,2,120,4,10,1.0,100.0,,0.5,0.5,1.0,3.0,0.5,0.3,
1,crib,m,b,4,2,120,4,5,1.5,100.0,,10.0,0.5,0.5,10.0,3.0,0.4,
1,crib,m,b,4,3,240,39,10,16.0,20.0,,0.0,3.0,0.8,0.5,0.0,0.2,
1,crib,m,b,4,3,240,39,5,8.0,50.0,,40.0,3.0,0.9,3.0,0.5,0.3,
1,crib,m,nb,1,1,0,21,5,1.0,90.0,,0.5,0.0,0.1,10.0,0.0,0.1,
1,crib,m,nb,1,1,0,21,10,1.0,90.0,,20.0,0.5,1.0,10.0,0.5,0.3,
1,crib,m,nb,1,2,120,19,5,6.0,10.0,,3.0,0.0,0.2,0.5,0.0,0.1,
1,crib,m,nb,1,2,120,19,10,12.0,25.0,,10.0,3.0,1.4,0.5,0.0,0.1,
1,crib,m,nb,1,3,240,15,5,3.0,50.0,,2.0,0.0,1.0,50.0,5.0,0.1,
1,crib,m,nb,1,3,240,15,10,1.0,100.0,,20.0,0.0,0.4,10.0,0.0,0.1,
1,crib,m,nb,10,1,0,7,5,1.0,100.0,,0.5,0.0,0.7,20.0,3.0,0.1,
1,crib,m,nb,10,1,0,7,10,7.0,80.0,,0.0,5.0,1.3,0.5,0.0,0.1,
1,crib,m,nb,10,2,120,19,5,1.0,100.0,,0.5,0.0,0.2,20.0,0.5,0.1,in skid
1,crib,m,nb,10,2,120,19,10,1.5,95.0,,0.5,3.0,1.0,20.0,0.5,0.1,in skid
1,crib,m,nb,10,3,246,23,5,1.0,100.0,,10.0,0.5,1.2,20.0,5.0,0.3,
1,crib,m,nb,10,3,246,23,10,1.5,100.0,,10.0,0.5,0.8,0.0,0.5,0.2,
1,crib,m,nb,3,1,0,12,5,1.0,100.0,,10.0,0.5,1.2,20.0,0.0,0.1,
1,crib,m,nb,3,1,0,12,10,3.0,90.0,,10.0,0.0,1.3,30.0,0.0,0.1,
1,crib,m,nb,3,2,120,32,5,6.0,70.0,,20.0,5.0,1.4,0.5,0.0,0.2,
1,crib,m,nb,3,2,120,32,10,1.0,100.0,,5.0,0.0,0.9,40.0,0.0,0.2,
1,crib,m,nb,3,3,240,22,5,5.0,90.0,,30.0,0.0,1.0,0.0,0.0,,
1,crib,m,nb,3,3,240,22,10,3.0,70.0,,3.0,0.5,0.6,0.5,0.0,0.1,
1,crib,m,nb,5,1,0,36,5,4.0,40.0,,20.0,3.0,1.7,5.0,3.0,0.5,
1,crib,m,nb,5,1,0,36,10,7.0,50.0,,3.0,0.5,1.8,10.0,0.5,0.4,
1,crib,m,nb,5,2,120,12,5,3.0,90.0,,0.5,10.0,1.4,3.0,0.0,0.4,
1,crib,m,nb,5,2,120,12,10,1.0,100.0,,3.0,3.0,1.0,0.5,0.5,0.3,
1,crib,m,nb,5,3,244,27,5,2.0,90.0,,3.0,0.5,0.8,3.0,0.5,0.3,
1,crib,m,nb,5,3,244,27,10,1.0,100.0,,0.5,3.0,1.3,0.5,0.5,0.3,
1,crib,m,nb,6,1,0,16,5,1.0,95.0,,30.0,5.0,1.4,30.0,0.0,0.1,
1,crib,m,nb,6,1,0,16,10,4.0,75.0,,3.0,0.0,0.8,20.0,3.0,0.3,
1,crib,m,nb,6,2,120,2,5,9.0,15.0,,5.0,0.0,0.3,3.0,0.0,0.2,
1,crib,m,nb,6,2,120,2,10,6.5,15.0,,20.0,0.5,1.0,0.5,0.0,0.1,
1,crib,m,nb,6,3,240,4,5,1.0,90.0,,20.0,0.5,1.7,5.0,0.0,0.1,
1,crib,m,nb,6,3,240,4,10,7.0,20.0,,22.0,3.0,1.4,5.0,0.0,0.1,
1,crib,np,b,10,1,0,14,5,7.0,40.0,,10.0,0.0,0.4,3.0,0.0,0.2,
1,crib,np,b,10,1,0,14,10,2.0,20.0,,3.0,0.0,1.0,10.0,3.0,0.3,
1,crib,np,b,10,2,120,18,5,5.0,90.0,,10.0,0.5,1.3,0.0,0.0,,
1,crib,np,b,10,2,120,18,10,7.0,40.0,,20.0,0.5,1.1,0.5,0.0,0.2,
1,crib,np,b,10,3,240,5,5,8.0,20.0,,40.0,3.0,1.0,0.0,0.0,,
1,crib,np,b,10,3,240,5,10,1.0,100.0,,30.0,3.0,1.2,3.0,0.0,0.1,
1,crib,np,b,12,1,0,7,5,1.0,100.0,,0.5,0.0,1.5,3.0,3.0,0.3,
1,crib,np,b,12,1,0,7,10,14.0,60.0,,20.0,3.0,1.4,0.0,0.0,,
1,crib,np,b,12,2,120,26,5,4.0,30.0,,20.0,3.0,1.4,0.5,0.0,0.1,
1,crib,np,b,12,2,120,26,10,7.0,40.0,,5.0,0.5,0.7,3.0,0.5,0.3,
1,crib,np,b,12,3,240,36,5,11.0,70.0,,30.0,5.0,1.7,0.5,0.0,0.3,
1,crib,np,b,12,3,240,36,10,1.0,100.0,,50.0,10.0,1.3,0.0,0.0,,
1,crib,np,b,17,1,0,6,5,2.0,100.0,,0.0,20.0,2.0,3.0,0.5,0.2,
1,crib,np,b,17,1,0,6,10,9.0,35.0,,0.0,10.0,2.0,0.5,0.0,0.1,
1,crib,np,b,17,2,137,24,5,8.0,95.0,,0.5,0.5,1.8,10.0,3.0,0.5,
1,crib,np,b,17,2,137,24,10,10.0,20.0,,5.0,5.0,1.8,10.0,3.0,0.4,
1,crib,np,b,17,3,240,43,5,4.0,15.0,,0.0,5.0,2.0,0.5,0.5,0.1,
1,crib,np,b,17,3,240,43,10,6.5,15.0,,10.0,5.0,1.0,0.5,0.0,0.5,
1,crib,np,b,2,1,0,30,10,6.0,30.0,,30.0,0.5,1.0,0.0,0.0,,
1,crib,np,b,2,1,0,30,5,3.0,50.0,,20.0,3.0,1.5,0.5,0.0,0.1,
1,crib,np,b,2,2,120,47,10,6.0,90.0,,80.0,3.0,1.2,3.0,0.5,0.2,
1,crib,np,b,2,2,120,47,5,8.0,80.0,,10.0,0.58,1.3,0.5,0.5,0.3,
1,crib,np,b,2,3,240,42,10,10.0,40.0,,3.0,10.0,1.0,0.0,0.0,,
1,crib,np,b,2,3,240,42,5,3.0,70.0,,0.5,5.0,0.9,0.5,0.0,0.2,
1,crib,np,b,4,1,0,19,5,6.0,20.0,,40.0,10.0,1.5,3.0,0.0,0.1,
1,crib,np,b,4,1,0,19,10,1.0,100.0,,0.5,0.0,0.3,50.0,3.0,0.2,
1,crib,np,b,4,2,120,38,5,10.0,10.0,,3.0,3.0,1.9,0.5,0.0,0.1,
1,crib,np,b,4,2,120,38,10,3.0,20.0,,5.0,0.5,0.9,5.0,3.0,0.5,
1,crib,np,b,4,3,240,31,5,12.0,50.0,,0.5,3.0,1.5,10.0,0.5,0.5,
1,crib,np,b,4,3,240,31,10,7.0,40.0,,0.5,3.0,1.6,10.0,3.0,0.5,
1,crib,np,nb,1,1,0,4,5,6.0,10.0,,30.0,3.0,0.9,0.0,0.0,,
1,crib,np,nb,1,1,0,4,10,2.0,10.0,,0.5,0.0,0.1,40.0,0.5,0.1,
1,crib,np,nb,1,2,120,2,5,7.0,30.0,,0.5,0.5,1.0,0.0,0.0,,
1,crib,np,nb,1,2,120,2,10,8.0,50.0,,5.0,0.0,0.9,0.0,0.0,,
1,crib,np,nb,1,3,240,14,5,7.0,20.0,,10.0,3.0,0.9,0.5,0.0,0.2,all slope in last meter
1,crib,np,nb,1,3,240,14,10,7.0,10.0,,0.5,0.0,0.5,0.5,0.5,0.2,all slope in last meter
1,crib,np,nb,12,1,0,12,5,29.0,10.0,,3.0,0.5,1.5,0.0,0.0,0.0,
1,crib,np,nb,12,1,0,12,10,13.0,30.0,,10.0,0.0,1.3,3.0,0.5,0.1,
1,crib,np,nb,12,2,120,21,5,10.0,70.0,,0.0,0.5,2.0,0.0,0.0,0.0,
1,crib,np,nb,12,2,120,21,10,20.0,50.0,,20.0,3.0,0.6,0.5,0.5,0.5,
1,crib,np,nb,12,3,240,1,5,8.0,40.0,,0.5,0.0,0.4,0.5,0.5,0.3,
1,crib,np,nb,12,3,240,1,10,4.0,30.0,,20.0,0.5,1.0,10.0,0.0,0.1,
1,crib,np,nb,6,1,0,24,10,4.0,50.0,,30.0,10.0,1.0,0.5,0.0,0.1,
1,crib,np,nb,6,1,0,24,5,1.0,100.0,,0.5,0.0,0.2,10.0,10.0,0.6,
1,crib,np,nb,6,2,120,50,10,4.0,10.0,,70.0,20.0,2.0,10.0,5.0,0.5,downed tanoak live crown at 10m
1,crib,np,nb,6,2,120,50,5,5.0,30.0,,3.0,0.0,0.2,20.0,3.0,0.6,downed tanoak live crown at 10m
1,crib,np,nb,6,3,240,49,10,15.5,10.0,,0.0,0.0,,10.0,3.0,0.3,
1,crib,np,nb,6,3,240,49,5,7.0,35.0,,20.0,0.5,1.1,10.0,3.0,0.5,
1,crib,np,nb,7,1,0,18,5,2.0,70.0,,3.0,0.0,0.4,3.0,0.5,0.2,
1,crib,np,nb,7,1,0,18,10,6.0,10.0,,30.0,0.5,1.3,0.5,0.0,0.1,
1,crib,np,nb,7,2,120,4,5,4.0,25.0,,3.0,0.0,0.8,30.0,3.0,0.3,in skid
1,crib,np,nb,7,2,120,4,10,1.0,90.0,,40.0,3.0,1.8,30.0,0.0,0.1,in skid
1,crib,np,nb,7,3,240,26,5,4.0,50.0,,3.0,0.0,0.9,10.0,0.5,0.3,
1,crib,np,nb,7,3,240,26,10,4.0,50.0,,20.0,0.5,1.6,3.0,0.0,0.1,
1,crib,np,nb,9,1,0,19,5,6.0,90.0,,5.0,0.0,0.3,10.0,3.0,0.3,
1,crib,np,nb,9,1,0,19,10,7.0,70.0,,20.0,0.0,0.8,30.0,10.0,0.3,
1,crib,np,nb,9,2,120,26,5,5.0,90.0,,3.0,0.0,0.5,0.5,3.0,0.1,in skid at 10m
1,crib,np,nb,9,2,120,26,10,2.0,100.0,,0.5,0.0,0.1,30.0,3.0,0.2,in skid at 10m
1,crib,np,nb,9,3,240,13,5,5.0,98.0,,10.0,0.0,0.6,10.0,0.5,0.1,in skid
1,crib,np,nb,9,3,240,13,10,2.0,85.0,,0.5,0.0,0.1,40.0,0.5,0.2,in skid
1,dun,ls,b,10,1,330,31,5,11.0,20.0,,0.0,0.5,1.9,0.0,0.0,,deflected to avoid cut bank
1,dun,ls,b,10,1,330,31,10,7.0,20.0,,0.0,0.5,1.4,0.5,0.5,0.2,deflected to avoid cut bank
1,dun,ls,b,10,2,120,24,5,6.0,50.0,,3.0,0.0,1.7,0.5,0.0,0.1,
1,dun,ls,b,10,2,120,24,10,11.0,30.0,,30.0,10.0,1.0,0.0,0.0,,
1,dun,ls,b,10,3,240,51,5,4.0,50.0,,3.0,0.5,0.5,0.0,1.0,,
1,dun,ls,b,10,3,240,51,10,15.0,30.0,,3.0,0.5,0.3,3.0,3.0,0.2,
1,dun,ls,b,17,1,0,46,5,12.0,20.0,,10.0,0.5,1.6,0.0,0.0,,"transect runs on 120cm log, duff from ground, log pith not in"
1,dun,ls,b,17,1,0,46,10,12.0,10.0,,10.0,0.5,0.8,0.5,0.5,0.1,"transect runs on 120cm log, duff from ground, log pith not in"
1,dun,ls,b,17,2,120,24,5,11.0,40.0,,20.0,0.0,0.7,0.0,0.0,,
1,dun,ls,b,17,2,120,24,10,8.0,20.0,,3.0,10.0,1.7,0.5,0.0,0.1,
1,dun,ls,b,17,3,240,5,5,7.0,10.0,,40.0,10.0,1.8,0.0,0.0,,
1,dun,ls,b,17,3,240,5,10,5.0,80.0,,30.0,10.0,0.6,0.0,0.0,,
1,dun,ls,b,2,1,0,42,5,3.0,30.0,,3.0,0.0,1.4,20.0,0.5,0.2,
1,dun,ls,b,2,1,0,42,10,7.0,30.0,,10.0,0.5,1.4,0.5,0.0,0.1,
1,dun,ls,b,2,2,120,44,5,15.0,50.0,,20.0,3.0,1.6,3.0,0.0,0.1,
1,dun,ls,b,2,2,120,44,10,8.0,10.0,,0.5,0.0,0.1,3.0,0.0,0.1,
1,dun,ls,b,2,3,240,68,5,7.0,30.0,,20.0,3.0,1.6,3.0,0.0,0.1,multiple large downed tanoak tops
1,dun,ls,b,2,3,240,68,10,2.0,80.0,,0.5,0.0,0.1,3.0,0.0,0.1,multiple large downed tanoak tops
1,dun,ls,b,20,1,0,15,5,8.0,10.0,,0.0,0.0,,0.5,0.5,0.2,moss at 10m and 5m
1,dun,ls,b,20,1,0,15,10,6.0,10.0,,0.5,0.0,0.4,3.0,0.5,0.2,moss at 10m and 5m
1,dun,ls,b,20,2,120,17,5,5.0,30.0,,10.0,0.5,1.1,0.0,0.0,,
1,dun,ls,b,20,2,120,17,10,5.0,10.0,,10.0,3.0,0.8,10.0,0.5,0.2,
1,dun,ls,b,20,3,240,23,5,7.0,10.0,,30.0,0.5,1.7,0.0,0.0,,
1,dun,ls,b,20,3,240,23,10,6.0,30.0,,20.0,0.5,0.8,0.0,0.0,,
1,dun,ls,nb,1,1,0,13,5,8.0,80.0,7.0,2.0,1.0,1.0,0.5,0.0,0.1,
1,dun,ls,nb,1,1,0,13,10,8.0,85.0,23.0,70.0,1.0,1.3,0.0,0.0,,
1,dun,ls,nb,1,2,120,12,5,2.0,40.0,8.0,0.5,0.0,0.1,0.5,0.0,0.1,
1,dun,ls,nb,1,2,120,12,10,6.0,60.0,25.0,10.0,0.0,0.5,0.0,0.0,,
1,dun,ls,nb,1,3,240,7,5,6.0,10.0,16.0,0.5,0.0,0.1,1.0,0.0,0.1,
1,dun,ls,nb,1,3,240,7,10,9.0,20.0,33.0,50.0,10.0,1.3,0.0,0.0,,
1,dun,ls,nb,10,1,0,9,5,8.0,10.0,25.0,0.5,0.0,0.4,0.0,0.0,,
1,dun,ls,nb,10,1,0,9,10,6.0,10.0,45.0,0.0,0.0,,0.0,0.0,,
1,dun,ls,nb,10,2,120,14,5,28.0,30.0,12.0,0.5,0.0,0.1,0.0,0.0,,
1,dun,ls,nb,10,2,120,14,10,18.0,22.0,6.0,0.5,0.0,0.1,1.0,0.0,0.1,
1,dun,ls,nb,10,3,240,1,5,9.0,40.0,15.0,1.0,0.5,0.35,0.0,0.0,,
1,dun,ls,nb,10,3,240,1,10,8.0,15.0,10.0,0.5,0.0,0.1,0.0,0.0,,
1,dun,ls,nb,3,1,0,18,5,14.0,50.0,9.0,10.0,0.5,0.8,0.0,0.0,,
1,dun,ls,nb,3,1,0,18,10,22.0,27.0,50.0,30.0,1.0,1.3,0.0,0.0,,
1,dun,ls,nb,3,2,120,5,5,5.0,35.0,8.0,3.0,0.5,0.9,0.5,0.0,0.3,
1,dun,ls,nb,3,2,120,5,10,5.0,25.0,12.0,30.0,3.0,1.5,0.0,0.0,,
1,dun,ls,nb,3,3,240,10,5,9.0,40.0,10.0,1.0,0.0,0.5,0.0,0.0,,
1,dun,ls,nb,3,3,240,10,10,12.0,60.0,20.0,10.0,0.5,1.0,0.0,0.0,,
1,dun,ls,nb,6,1,0,10,5,10.0,40.0,7.0,0.5,0.0,0.25,0.5,0.0,0.1,
1,dun,ls,nb,6,1,0,10,10,6.0,50.0,60.0,1.0,0.0,1.2,0.0,0.0,,
1,dun,ls,nb,6,2,120,5,5,5.0,70.0,70.0,0.0,0.0,,0.0,0.0,,
1,dun,ls,nb,6,2,120,5,10,8.0,40.0,90.0,10.0,0.5,0.6,0.5,0.0,0.2,
1,dun,ls,nb,6,3,240,11,5,10.0,50.0,20.0,0.0,0.0,,0.5,0.0,0.1,
1,dun,ls,nb,6,3,240,11,10,5.0,25.0,15.0,0.5,0.0,0.5,1.0,0.0,0.1,
1,dun,ls,nb,8,1,0,32,5,11.0,20.0,25.0,30.0,0.5,0.3,0.5,0.0,0.1,
1,dun,ls,nb,8,1,0,32,10,14.0,10.0,20.0,10.0,0.0,1.0,0.0,0.0,,
1,dun,ls,nb,8,2,120,18,5,13.0,90.0,15.0,0.0,0.0,,0.0,0.0,,
1,dun,ls,nb,8,2,120,18,10,9.0,80.0,12.0,0.0,0.0,,0.0,0.0,,
1,dun,ls,nb,8,3,240,7,5,5.0,20.0,50.0,0.0,0.0,,0.0,0.0,,
1,dun,ls,nb,8,3,240,7,10,40.0,30.0,8.0,0.0,0.0,,0.0,0.0,,
1,dun,m,b,1,1,0,10,5,0.2,100.0,8.0,3.0,0.5,0.6,0.0,0.0,,
1,dun,m,b,1,1,0,10,10,7.0,80.0,9.0,50.0,0.5,1.2,0.0,0.0,,
1,dun,m,b,1,2,120,15,5,8.0,70.0,35.0,60.0,1.0,1.4,1.0,3.0,0.3,
1,dun,m,b,1,2,120,15,10,8.0,90.0,11.0,10.0,0.5,0.9,0.0,0.0,,
1,dun,m,b,1,3,240,20,5,10.0,100.0,14.0,30.0,0.5,1.1,0.0,0.0,,
1,dun,m,b,1,3,240,20,10,10.0,90.0,13.0,30.0,1.0,0.8,0.0,0.0,,
1,dun,m,b,10,1,0,3,5,8.0,50.0,16.0,30.0,10.0,1.0,0.0,0.0,,
1,dun,m,b,10,1,0,3,10,7.0,50.0,9.0,10.0,1.0,0.5,10.0,0.0,0.5,
1,dun,m,b,10,2,120,19,5,9.0,60.0,13.0,0.0,0.0,,1.0,0.5,0.1,
1,dun,m,b,10,2,120,19,10,10.0,30.0,6.0,10.0,3.0,0.5,10.0,0.0,0.5,
1,dun,m,b,10,3,240,7,5,12.0,50.0,14.0,40.0,0.0,1.0,10.0,0.0,0.2,
1,dun,m,b,10,3,240,7,10,10.0,30.0,7.0,10.0,0.0,0.7,10.0,0.0,0.6,
1,dun,m,b,3,1,0,6,5,4.0,50.0,8.0,60.0,10.0,1.5,0.0,0.0,,
1,dun,m,b,3,1,0,6,10,6.0,40.0,9.0,3.0,0.0,0.5,0.0,0.0,,
1,dun,m,b,3,2,120,5,5,6.0,70.0,12.0,3.0,0.0,0.5,0.0,0.0,,
1,dun,m,b,3,2,120,5,10,12.0,60.0,13.0,0.5,10.0,1.2,0.0,0.0,,
1,dun,m,b,3,3,240,20,5,17.0,40.0,11.0,10.0,3.0,0.8,0.0,0.0,,
1,dun,m,b,3,3,240,20,10,5.0,70.0,12.0,10.0,3.0,0.4,0.0,0.0,,
1,dun,m,b,6,1,0,7,5,12.0,90.0,13.0,30.0,0.5,0.5,25.0,0.5,0.2,
1,dun,m,b,6,1,0,7,10,4.0,30.0,9.0,3.0,0.5,0.3,0.5,0.5,0.3,
1,dun,m,b,6,2,120,11,5,3.0,30.0,9.0,3.0,0.5,0.4,0.58,0.5,0.2,
1,dun,m,b,6,2,120,11,10,5.0,40.0,8.0,3.0,0.5,0.4,0.5,0.0,0.2,
1,dun,m,b,6,3,240,8,5,7.0,60.0,12.0,3.0,0.5,0.4,0.5,0.5,0.2,
1,dun,m,b,6,3,240,8,10,1.0,40.0,8.0,3.0,0.5,0.4,0.5,0.0,0.2,
1,dun,m,b,9,1,0,25,5,30.0,70.0,9.0,0.5,0.5,0.2,0.5,0.5,0.3,duff litter values don't agree with FBD
1,dun,m,b,9,1,0,25,10,5.0,40.0,7.0,0.5,0.0,0.2,0.0,0.0,,duff litter values don't agree with FBD
1,dun,m,b,9,2,120,35,5,30.0,40.0,8.0,3.0,0.5,0.4,1.0,0.5,0.2,duff litter values don't agree with FBD
1,dun,m,b,9,2,120,35,10,20.0,30.0,8.0,0.0,0.0,,0.5,0.0,0.1,duff litter values don't agree with FBD
1,dun,m,b,9,3,240,15,5,70.0,60.0,12.0,3.0,0.5,0.5,10.0,0.5,0.3,duff litter values don't agree with FBD
1,dun,m,b,9,3,240,15,10,40.0,60.0,9.0,0.0,0.0,,3.0,0.5,0.3,duff litter values don't agree with FBD
1,dun,m,nb,1,1,0,10,5,7.0,95.0,5.0,0.0,0.0,,10.0,3.0,0.1,
1,dun,m,nb,1,1,0,10,10,5.0,95.0,3.0,10.0,0.5,0.5,1.0,0.5,0.1,
1,dun,m,nb,1,2,120,28,5,6.0,80.0,55.0,0.5,0.5,1.3,3.0,0.0,0.1,
1,dun,m,nb,1,2,120,28,10,4.0,90.0,93.0,10.0,0.5,1.1,0.5,0.0,0.1,
1,dun,m,nb,1,3,240,15,5,9.0,60.0,21.0,70.0,3.0,1.5,3.0,0.5,0.5,
1,dun,m,nb,1,3,240,15,10,3.0,95.0,15.0,10.0,0.5,1.4,30.0,10.0,0.4,
1,dun,m,nb,10,1,0,15,5,6.0,60.0,25.0,0.5,0.0,0.2,0.5,0.5,0.3,
1,dun,m,nb,10,1,0,15,10,4.0,90.0,4.0,3.0,0.0,0.4,0.5,0.0,0.1,
1,dun,m,nb,10,2,120,10,5,5.0,90.0,40.0,3.0,0.0,0.3,0.0,0.0,0.1,
1,dun,m,nb,10,2,120,10,10,6.0,90.0,12.0,0.5,0.0,0.2,0.5,0.0,0.1,
1,dun,m,nb,10,3,240,10,5,11.0,80.0,3.0,20.0,3.0,1.4,0.5,0.0,0.0,Hollow space under log at 10m
1,dun,m,nb,10,3,240,10,10,30.0,95.0,40.0,0.5,0.0,0.7,0.0,0.0,,Hollow space under log at 10m
1,dun,m,nb,3,1,0,10,5,10.0,80.0,0.3,80.0,10.0,1.5,0.5,0.0,0.1,
1,dun,m,nb,3,1,0,10,10,13.0,70.0,17.0,80.0,3.0,1.2,0.0,0.0,,
1,dun,m,nb,3,2,120,35,5,11.0,30.0,23.0,0.0,0.0,,0.0,0.0,,
1,dun,m,nb,3,2,120,35,10,8.0,20.0,16.0,40.0,0.5,1.0,3.0,0.0,0.1,
1,dun,m,nb,3,3,240,30,5,14.0,90.0,36.0,60.0,3.0,1.1,3.0,0.5,0.1,
1,dun,m,nb,3,3,240,30,10,5.0,90.0,47.0,30.0,0.5,0.8,1.0,0.0,0.1,
1,dun,m,nb,6,1,0,12,5,3.25,60.0,11.0,1.0,0.0,0.4,0.1,0.0,0.4,
1,dun,m,nb,6,1,0,12,10,8.0,50.0,9.0,0.5,0.0,0.1,0.0,0.0,,
1,dun,m,nb,6,2,120,18,5,8.0,50.0,11.0,0.0,0.0,,0.5,0.0,0.2,
1,dun,m,nb,6,2,120,18,10,8.0,70.0,8.0,0.5,0.0,1.3,0.0,0.0,,
1,dun,m,nb,6,3,240,31,5,6.0,90.0,70.0,20.0,3.0,1.0,0.0,0.0,,dead fuel perched on vegetation
1,dun,m,nb,6,3,240,31,10,6.0,70.0,10.0,1.0,0.0,0.2,0.0,0.0,,dead fuel perched on vegetation
1,dun,m,nb,9,1,353,21,10,7.0,90.0,70.0,1.0,0.0,0.1,0.0,0.0,,
1,dun,m,nb,9,1,353,21,5,9.0,90.0,175.0,10.0,3.0,1.0,0.0,0.0,,
1,dun,m,nb,9,2,120,19,10,11.0,50.0,6.0,1.0,0.0,0.2,0.0,0.0,,
1,dun,m,nb,9,2,120,19,5,5.0,50.0,30.0,3.0,0.5,1.0,5.0,0.0,0.1,
1,dun,m,nb,9,3,236,7,10,10.0,40.0,5.0,20.0,1.0,0.5,0.0,0.0,,
1,dun,m,nb,9,3,236,7,5,6.0,50.0,15.0,3.0,0.0,0.3,0.0,0.0,,
1,dun,np,b,1,1,0,25,5,7.0,100.0,12.0,40.0,0.5,1.2,1.0,0.0,0.1,
1,dun,np,b,1,1,0,25,10,9.0,60.0,20.0,0.5,0.0,0.2,0.5,0.5,0.3,
1,dun,np,b,1,2,120,45,5,7.0,100.0,34.0,40.0,0.5,1.2,1.0,0.0,0.1,"runs through deep slash, ends below a log landing"
1,dun,np,b,1,2,120,45,10,12.0,100.0,27.0,0.5,0.0,0.2,0.5,0.5,0.3,"runs through deep slash, ends below a log landing"
1,dun,np,b,1,3,240,8,5,8.0,90.0,23.0,0.5,1.0,1.1,0.0,0.0,,
1,dun,np,b,1,3,240,8,10,11.0,80.0,,3.0,1.0,1.2,0.0,0.0,,
1,dun,np,b,11,1,0,12,5,8.0,70.0,9.0,0.5,0.5,0.2,0.5,0.5,0.2,plot center in middle of skid
1,dun,np,b,11,1,0,12,10,10.0,80.0,9.0,1.0,0.5,0.6,0.0,0.0,,plot center in middle of skid
1,dun,np,b,11,2,120,9,5,5.0,30.0,8.0,50.0,10.0,0.9,0.0,0.0,,plot center in middle of skid
1,dun,np,b,11,2,120,9,10,10.0,80.0,9.0,10.0,0.5,0.4,0.0,0.0,,plot center in middle of skid
1,dun,np,b,11,3,240,16,5,8.0,60.0,15.0,60.0,10.0,1.1,0.0,0.0,,plot center in middle of skid
1,dun,np,b,11,3,240,16,10,12.0,80.0,13.0,0.5,0.5,0.5,0.0,0.0,,plot center in middle of skid
1,dun,np,b,4,1,0,14,5,11.0,50.0,60.0,3.0,1.0,1.5,0.0,0.0,,plot center in middle of skid
1,dun,np,b,4,1,0,14,10,12.0,70.0,10.0,0.5,0.0,0.2,10.0,1.0,0.3,plot center in middle of skid
1,dun,np,b,4,2,120,5,5,14.0,90.0,15.0,1.0,0.5,0.5,0.0,0.0,,plot center in middle of skid
1,dun,np,b,4,2,120,5,10,18.0,40.0,35.0,3.0,1.0,1.0,0.0,0.0,,plot center in middle of skid
1,dun,np,b,4,3,240,26,5,28.0,75.0,32.0,0.0,0.0,,0.0,0.0,,plot center in middle of skid
1,dun,np,b,4,3,240,26,10,10.0,40.0,8.0,10.0,1.0,0.8,0.0,0.0,,plot center in middle of skid
1,dun,np,b,5,1,0,25,5,5.0,100.0,12.0,3.0,0.5,0.6,0.5,0.0,0.1,
1,dun,np,b,5,1,0,25,10,5.0,100.0,7.0,1.0,0.5,0.2,0.5,0.0,0.1,
1,dun,np,b,5,2,120,6,5,2.0,100.0,3.0,3.0,0.5,0.4,1.0,0.5,0.3,
1,dun,np,b,5,2,120,6,10,8.0,100.0,15.0,40.0,3.0,1.3,1.0,0.5,0.3,
1,dun,np,b,5,3,240,27,5,8.0,90.0,9.0,20.0,0.5,1.1,0.0,0.0,,
1,dun,np,b,5,3,240,27,10,10.0,100.0,,0.5,1.0,0.9,0.5,0.0,0.1,
1,dun,np,b,7,1,2,25,5,5.0,30.0,9.0,0.5,0.5,0.4,0.5,0.5,0.2,
1,dun,np,b,7,1,2,25,10,8.0,70.0,14.0,1.0,0.5,1.0,0.0,0.0,,
1,dun,np,b,7,2,120,12,5,4.0,70.0,9.0,50.0,10.0,0.8,0.0,0.0,,
1,dun,np,b,7,2,120,12,10,8.0,70.0,14.0,0.5,0.5,0.2,0.0,0.0,,
1,dun,np,b,7,3,240,22,5,9.0,50.0,15.0,0.5,0.5,0.2,0.0,0.0,,
1,dun,np,b,7,3,240,22,10,6.0,40.0,18.0,0.5,0.5,0.2,0.0,0.0,,
1,dun,np,nb,1,1,0,12,5,2.0,90.0,6.0,0.5,0.0,0.2,0.5,0.0,0.1,in road at 10m
1,dun,np,nb,1,1,0,12,10,1.0,90.0,4.0,10.0,0.5,0.5,0.5,0.0,0.1,in road at 10m
1,dun,np,nb,1,2,120,15,5,14.0,10.0,9.0,60.0,1.0,1.6,0.0,0.0,,
1,dun,np,nb,1,2,120,15,10,8.0,60.0,12.0,50.0,10.0,0.8,0.0,0.0,,
1,dun,np,nb,1,3,240,17,5,9.0,70.0,14.0,40.0,10.0,0.6,0.0,0.0,,
1,dun,np,nb,1,3,240,17,10,10.0,70.0,12.0,0.5,0.5,0.1,0.5,0.0,0.1,
1,dun,np,nb,10,1,0,8,5,6.0,70.0,8.0,30.0,0.5,0.8,0.0,0.0,,in skid at 10m
1,dun,np,nb,10,1,0,8,10,3.0,100.0,4.0,0.5,0.0,0.1,0.5,0.5,0.2,in skid at 10m
1,dun,np,nb,10,2,120,8,5,10.0,80.0,14.0,10.0,0.5,0.4,0.0,0.0,,
1,dun,np,nb,10,2,120,8,10,5.0,100.0,7.0,0.5,0.5,0.1,0.0,0.0,,
1,dun,np,nb,10,3,240,7,5,8.0,80.0,10.0,3.0,0.5,0.3,0.0,0.0,,
1,dun,np,nb,10,3,240,7,10,3.0,100.0,8.0,20.0,0.5,1.2,3.0,0.5,0.2,
1,dun,np,nb,2,1,0,4,5,9.0,80.0,12.0,0.5,0.5,0.2,3.0,0.5,0.2,
1,dun,np,nb,2,1,0,4,10,4.0,50.0,8.0,0.5,0.5,0.3,3.0,0.5,0.1,
1,dun,np,nb,2,2,120,13,5,2.0,90.0,10.0,0.5,0.5,0.3,0.0,0.0,,
1,dun,np,nb,2,2,120,13,10,2.0,90.0,8.0,1.0,0.0,0.1,0.5,0.5,0.2,
1,dun,np,nb,2,3,240,8,5,5.0,40.0,7.0,3.0,0.5,0.1,1.0,0.5,0.2,
1,dun,np,nb,2,3,240,8,10,6.0,40.0,13.0,0.5,0.0,0.1,0.0,0.0,,
1,dun,np,nb,4,1,0,32,5,6.0,100.0,15.0,3.0,0.5,0.5,0.0,0.0,,
1,dun,np,nb,4,1,0,32,10,6.0,100.0,22.0,10.0,0.0,0.6,1.0,0.0,0.1,
1,dun,np,nb,4,2,120,23,5,10.0,60.0,25.0,3.0,0.5,0.3,0.0,0.0,,
1,dun,np,nb,4,2,120,23,10,7.0,80.0,1.0,10.0,1.0,0.6,0.0,0.0,,
1,dun,np,nb,4,3,240,1,5,10.0,100.0,12.0,0.5,0.0,0.3,0.0,0.0,,
1,dun,np,nb,4,3,240,1,10,21.0,30.0,10.0,10.0,0.5,0.6,0.0,0.0,,
1,dun,np,nb,8,1,0,7,5,8.0,70.0,11.0,0.0,0.0,,0.5,0.0,0.1,
1,dun,np,nb,8,1,0,7,10,12.0,60.0,18.0,1.0,0.5,0.4,0.0,0.0,,
1,dun,np,nb,8,2,124,18,5,6.0,80.0,7.0,3.0,0.5,1.1,0.5,0.0,0.1,
1,dun,np,nb,8,2,124,18,10,11.0,70.0,16.0,3.0,0.5,0.6,1.0,1.0,0.3,
1,dun,np,nb,8,3,240,25,5,6.0,90.0,5.0,1.0,0.5,0.8,3.0,1.0,0.2,
1,dun,np,nb,8,3,240,25,10,3.0,100.0,5.0,10.0,0.5,1.1,3.0,1.0,0.3,
1,fair,ls,b,1,1,0,11,5,2.0,90.0,,50.0,5.0,1.9,0.0,0.0,,
1,fair,ls,b,1,1,0,11,10,1.0,100.0,,10.0,3.0,1.5,3.0,0.5,0.8,
1,fair,ls,b,1,2,120,39,5,5.0,80.0,,3.0,0.5,1.2,0.0,0.0,,
1,fair,ls,b,1,2,120,39,10,7.0,60.0,,3.0,0.0,1.4,0.0,0.0,,
1,fair,ls,b,1,3,240,21,5,6.0,50.0,,5.0,3.0,1.8,0.0,0.0,,"uneven slope, bank at 10m"
1,fair,ls,b,1,3,240,21,10,13.0,20.0,,10.0,3.0,1.6,0.0,0.0,,"uneven slope, bank at 10m"
1,fair,ls,b,10,1,0,7,5,5.0,20.0,,0.0,0.0,,3.0,0.5,0.4,
1,fair,ls,b,10,1,0,7,10,10.0,40.0,,0.5,0.0,0.8,0.0,0.0,,
1,fair,ls,b,10,2,120,13,5,5.0,60.0,,0.0,0.0,,5.0,0.5,0.5,
1,fair,ls,b,10,2,120,13,10,3.0,90.0,,20.0,3.0,1.0,0.0,0.0,,
1,fair,ls,b,10,3,240,31,5,5.0,20.0,,3.0,0.0,0.7,3.0,0.5,0.4,
1,fair,ls,b,10,3,240,31,10,8.0,90.0,,0.0,0.0,,50.0,10.0,0.5,
1,fair,ls,b,2,1,0,4,5,4.0,50.0,,3.0,0.5,1.6,0.0,0.0,,
1,fair,ls,b,2,1,0,4,10,5.0,80.0,,0.0,0.0,,0.0,0.0,,
1,fair,ls,b,2,2,120,17,5,4.0,60.0,,3.0,0.5,1.1,0.0,0.0,,
1,fair,ls,b,2,2,120,17,10,7.0,10.0,,10.0,3.0,1.3,0.0,0.0,,
1,fair,ls,b,2,3,240,18,5,6.0,50.0,,3.0,0.5,1.4,0.5,0.0,0.3,
1,fair,ls,b,2,3,240,18,10,5.0,90.0,,5.0,0.5,1.7,0.0,0.0,,
1,fair,ls,b,9,1,0,12,5,16.0,60.0,,0.0,5.0,1.3,0.5,0.0,0.3,
1,fair,ls,b,9,1,0,12,10,15.0,40.0,,0.5,0.5,1.2,0.0,0.0,,
1,fair,ls,b,9,2,120,21,5,5.0,60.0,,3.0,5.0,1.1,0.0,0.0,,
1,fair,ls,b,9,2,120,21,10,5.0,20.0,,3.0,10.0,1.6,0.0,0.0,,
1,fair,ls,b,9,3,240,4,5,1.0,100.0,,0.0,0.0,,3.0,0.0,0.3,
1,fair,ls,b,9,3,240,4,10,12.0,30.0,,3.0,0.5,1.4,0.5,0.5,0.2,
1,fair,ls,b,8,1,0,16,5,6.0,70.0,,0.0,0.0,,0.5,0.0,0.3,
1,fair,ls,b,8,1,0,16,10,19.0,20.0,,0.5,0.5,1.2,0.0,0.0,,
1,fair,ls,b,8,2,120,20,5,8.0,30.0,,0.0,0.5,1.7,0.0,0.0,,
1,fair,ls,b,8,2,120,20,10,5.0,20.0,,0.5,3.0,1.1,0.0,0.0,,
1,fair,ls,b,8,3,240,3,5,6.0,70.0,,0.0,0.0,,0.5,0.5,0.2,
1,fair,ls,b,8,3,240,3,10,15.0,30.0,,0.0,5.0,1.4,0.0,0.0,,
1,fair,ls,nb,1,1,0,2,10,3.0,50.0,,20.0,0.5,1.1,10.0,3.0,0.5,
1,fair,ls,nb,1,1,0,2,5,3.0,20.0,,3.0,0.5,1.2,3.0,0.5,0.4,
1,fair,ls,nb,1,2,120,0,10,7.0,40.0,,3.0,10.0,1.5,0.5,0.0,0.1,
1,fair,ls,nb,1,2,120,0,5,2.0,30.0,,10.0,3.0,1.3,3.0,0.5,0.2,
1,fair,ls,nb,1,3,240,2,10,3.0,30.0,,0.5,0.5,1.1,5.0,0.5,0.1,salal at 5m
1,fair,ls,nb,1,3,240,2,5,1.0,100.0,,50.0,0.5,1.8,0.5,0.0,0.1,salal at 5m
1,fair,ls,nb,11,1,0,1,5,9.0,80.0,,10.0,0.5,1.1,0.0,0.0,,
1,fair,ls,nb,11,1,0,1,10,5.0,90.0,,0.0,0.0,,40.0,20.0,0.3,
1,fair,ls,nb,11,2,120,2,5,2.0,90.0,,0.5,0.5,0.6,0.5,0.0,0.2,
1,fair,ls,nb,11,2,120,2,10,5.0,50.0,,40.0,3.0,0.9,5.0,0.5,0.8,
1,fair,ls,nb,11,3,240,1,5,7.0,10.0,,10.0,0.5,0.8,0.0,0.0,,
1,fair,ls,nb,11,3,240,1,10,5.0,50.0,,3.0,0.5,1.2,0.0,0.0,,
1,fair,ls,nb,4,1,0,2,10,9.0,35.0,,5.0,3.0,1.1,0.5,0.0,0.1,
1,fair,ls,nb,4,1,0,2,5,5.0,20.0,,30.0,0.0,0.9,0.0,3.0,0.7,
1,fair,ls,nb,4,2,120,2,10,1.0,100.0,,30.0,0.0,1.8,3.0,3.0,0.4,
1,fair,ls,nb,4,2,120,2,5,10.0,15.0,,30.0,0.5,1.5,0.0,0.0,,
1,fair,ls,nb,4,3,240,0,10,2.0,100.0,,10.0,10.0,1.9,10.0,0.5,0.2,"downed trees dead tops at 2m, several similar on plot"
1,fair,ls,nb,4,3,240,0,5,6.5,45.0,,30.0,5.0,1.7,0.5,0.0,0.2,"downed trees dead tops at 2m, several similar on plot"
1,fair,ls,nb,5,1,4,2,5,8.0,40.0,,0.5,0.0,1.2,0.0,0.0,,
1,fair,ls,nb,5,1,4,2,10,3.0,70.0,,3.0,0.0,0.3,0.5,0.0,0.2,
1,fair,ls,nb,5,2,120,14,5,4.0,90.0,,0.5,0.5,1.5,0.0,0.0,,
1,fair,ls,nb,5,2,120,14,10,1.0,100.0,,20.0,3.0,0.6,0.0,0.0,,
1,fair,ls,nb,5,3,240,34,5,6.0,20.0,,5.0,0.0,0.7,3.0,0.5,0.5,
1,fair,ls,nb,5,3,240,34,10,5.0,30.0,,0.0,0.0,,0.5,0.5,0.4,
1,fair,ls,nb,7,1,0,7,5,7.0,30.0,,20.0,0.0,0.7,0.5,0.0,0.6,"in skid at 10m, salal"
1,fair,ls,nb,7,1,0,7,10,2.0,70.0,,10.0,0.0,0.3,40.0,5.0,0.3,"in skid at 10m, salal"
1,fair,ls,nb,7,2,120,0,5,5.0,50.0,,20.0,10.0,0.7,0.0,0.0,,salal
1,fair,ls,nb,7,2,120,0,10,2.0,90.0,,0.0,0.5,1.7,3.0,0.5,0.3,salal
1,fair,ls,nb,7,3,240,,5,3.0,10.0,,30.0,0.5,0.7,0.0,0.0,,missing slope
1,fair,ls,nb,7,3,240,,10,12.0,70.0,,40.0,0.5,0.7,0.0,0.0,,missing slope
1,fair,m,b,10,1,0,16,5,6.0,70.0,,5.0,0.0,0.8,0.0,0.0,,
1,fair,m,b,10,1,0,16,10,5.0,20.0,,3.0,0.0,0.3,0.0,0.0,,
1,fair,m,b,10,2,120,5,5,3.0,30.0,,5.0,0.5,0.9,0.5,0.0,0.1,
1,fair,m,b,10,2,120,5,10,8.0,60.0,,0.5,0.0,0.5,0.0,0.0,,
1,fair,m,b,10,3,240,4,5,5.0,40.0,,3.0,0.5,1.0,0.0,0.0,,
1,fair,m,b,10,3,240,4,10,3.0,70.0,,0.0,0.0,,0.5,0.0,0.4,
1,fair,m,b,3,1,0,6,5,22.0,60.0,,3.0,0.5,1.3,3.0,0.0,0.7,
1,fair,m,b,3,1,0,6,10,10.0,40.0,,20.0,3.0,1.2,0.0,0.0,,
1,fair,m,b,3,2,120,5,5,9.0,60.0,,0.5,0.0,0.5,0.0,0.0,,
1,fair,m,b,3,2,120,5,10,1.0,90.0,,3.0,0.0,1.3,0.5,0.5,0.3,
1,fair,m,b,3,3,240,4,5,9.0,60.0,,0.5,0.5,0.4,0.0,0.0,,
1,fair,m,b,3,3,240,4,10,11.0,40.0,,0.5,0.0,0.4,0.0,0.0,,
1,fair,m,b,4,1,0,10,5,9.0,70.0,,0.5,3.0,0.9,0.0,0.0,,
1,fair,m,b,4,1,0,10,10,7.0,60.0,,0.0,0.5,0.8,0.5,0.0,0.4,
1,fair,m,b,4,2,120,12,5,6.0,50.0,,30.0,0.5,1.0,0.5,0.5,0.2,
1,fair,m,b,4,2,120,12,10,3.0,30.0,,5.0,0.5,0.4,0.5,0.0,0.3,
1,fair,m,b,4,3,240,12,5,3.0,70.0,,0.5,0.5,1.0,0.5,0.0,0.5,
1,fair,m,b,4,3,240,12,10,4.0,30.0,,3.0,0.0,0.9,0.5,0.0,0.6,
1,fair,m,b,6,1,0,14,5,6.0,30.0,,5.0,0.5,0.9,0.0,0.0,,
1,fair,m,b,6,1,0,14,10,1.0,100.0,,0.0,3.0,1.4,10.0,0.5,0.1,
1,fair,m,b,6,2,120,2,5,1.0,90.0,,5.0,5.0,1.3,0.5,0.0,0.4,
1,fair,m,b,6,2,120,2,10,3.0,30.0,,30.0,0.5,1.2,0.5,0.0,0.2,
1,fair,m,b,6,3,240,6,5,5.0,80.0,,0.0,0.0,,5.0,3.0,0.2,
1,fair,m,b,6,3,240,6,10,13.0,20.0,,3.0,0.0,0.4,0.0,0.0,,
1,fair,m,b,7,1,0,9,5,12.0,80.0,,0.0,0.5,1.4,0.0,0.0,,
1,fair,m,b,7,1,0,9,10,10.0,40.0,,0.0,0.0,,0.5,0.5,0.4,
1,fair,m,b,7,2,120,13,5,2.0,90.0,,0.0,0.0,,3.0,0.5,0.4,
1,fair,m,b,7,2,120,13,10,3.0,70.0,,0.5,0.5,1.8,0.5,0.0,0.3,
1,fair,m,b,7,3,240,21,5,11.0,50.0,,0.0,0.0,,0.5,0.0,0.5,
1,fair,m,b,7,3,240,21,10,37.0,30.0,,0.0,0.0,,0.5,0.0,0.4,
1,fair,m,nb,1,1,20,6,5,22.0,50.0,15.0,1.0,0.0,0.9,10.0,0.5,0.2,
1,fair,m,nb,1,1,20,6,10,10.0,60.0,8.0,1.0,0.0,0.1,1.0,0.0,0.1,
1,fair,m,nb,1,2,120,4,5,7.0,14.0,15.0,0.5,0.0,0.2,80.0,20.0,0.4,
1,fair,m,nb,1,2,120,4,10,9.0,40.0,12.0,0.5,0.0,0.1,60.0,20.0,0.1,
1,fair,m,nb,1,3,240,7,5,18.0,50.0,12.0,3.0,0.0,2.0,1.0,1.0,0.2,
1,fair,m,nb,1,3,240,7,10,24.0,25.0,22.0,0.5,0.0,0.1,0.5,1.0,0.3,
1,fair,m,nb,11,1,0,8,5,5.0,40.0,7.0,1.0,0.5,0.2,0.0,0.0,,
1,fair,m,nb,11,1,0,8,10,5.0,60.0,14.0,3.0,0.5,0.3,0.0,0.0,,
1,fair,m,nb,11,2,121,3,5,6.0,40.0,7.0,0.5,0.5,0.2,0.5,0.0,0.1,
1,fair,m,nb,11,2,121,3,10,4.0,20.0,8.0,10.0,0.5,0.4,1.0,1.0,0.1,
1,fair,m,nb,11,3,240,4,5,6.0,50.0,8.0,3.0,0.5,0.3,0.0,0.0,,
1,fair,m,nb,11,3,240,4,10,6.0,30.0,9.0,20.0,0.5,1.2,0.0,0.0,,
1,fair,m,nb,13,1,0,9,5,7.0,60.0,10.0,1.0,0.5,0.1,0.5,0.5,0.2,
1,fair,m,nb,13,1,0,9,10,5.0,90.0,7.0,3.0,0.5,0.5,0.5,1.0,0.3,
1,fair,m,nb,13,2,120,2,5,6.0,70.0,6.0,10.0,0.5,0.4,30.0,10.0,0.5,
1,fair,m,nb,13,2,120,2,10,4.0,10.0,4.0,0.1,0.5,0.2,10.0,10.0,0.2,
1,fair,m,nb,13,3,240,2,5,11.0,30.0,12.0,3.0,0.5,0.2,0.0,0.0,,
1,fair,m,nb,13,3,240,2,10,10.0,40.0,9.0,40.0,1.0,0.4,0.0,0.0,,
1,fair,m,nb,3,1,355,15,5,12.0,70.0,14.0,0.5,0.0,0.5,0.0,0.0,,
1,fair,m,nb,3,1,355,15,10,7.0,50.0,9.0,0.0,0.0,,0.5,0.5,0.2,
1,fair,m,nb,3,2,120,33,5,5.0,40.0,6.0,3.0,0.5,0.6,1.0,1.0,0.2,
1,fair,m,nb,3,2,120,33,10,4.0,30.0,7.0,1.0,0.5,0.2,0.5,0.0,0.1,
1,fair,m,nb,3,3,240,9,5,7.0,40.0,10.0,20.0,0.5,1.2,3.0,0.5,0.3,
1,fair,m,nb,3,3,240,9,10,4.0,20.0,7.0,0.5,0.5,0.2,0.5,0.5,0.1,
1,fair,m,nb,7,1,0,6,5,10.0,80.0,14.0,3.0,0.5,0.4,20.0,3.0,0.3,in skid at 10m
1,fair,m,nb,7,1,0,6,10,9.0,60.0,13.0,0.0,0.0,,10.0,3.0,0.6,in skid at 10m
1,fair,m,nb,7,2,120,4,5,10.0,90.0,18.0,30.0,3.0,1.1,0.0,0.0,,
1,fair,m,nb,7,2,120,4,10,8.0,70.0,12.0,0.5,0.5,0.4,0.0,0.0,,
1,fair,m,nb,7,3,240,7,5,6.0,40.0,9.0,50.0,0.5,0.5,3.0,0.5,0.4,crosses path at 3m
1,fair,m,nb,7,3,240,7,10,8.0,60.0,11.0,3.0,0.5,0.3,0.0,0.0,,crosses path at 3m
1,fair,np,b,2,1,0,25,10,3.5,15.0,,50.0,10.0,1.4,3.0,0.0,0.5,
1,fair,np,b,2,1,0,25,5,8.5,10.0,,30.0,0.5,1.2,0.0,0.0,,
1,fair,np,b,2,2,120,29,10,3.0,60.0,,60.0,5.0,1.9,50.0,10.0,0.1,
1,fair,np,b,2,2,120,29,5,8.0,30.0,,40.0,0.5,1.5,0.5,0.5,0.5,
1,fair,np,b,2,3,240,51,10,8.0,5.0,,3.0,10.0,2.0,3.0,0.0,0.5,
1,fair,np,b,2,3,240,51,5,3.0,30.0,,20.0,0.5,0.6,0.5,0.0,0.1,
1,fair,np,b,3,1,0,7,10,3.0,70.0,,20.0,10.0,1.4,0.0,0.0,,
1,fair,np,b,3,1,0,7,5,6.0,70.0,,0.5,10.0,1.6,0.0,0.0,,
1,fair,np,b,3,2,120,3,10,4.0,30.0,,30.0,3.0,1.7,0.0,0.0,,
1,fair,np,b,3,2,120,3,5,1.0,100.0,,0.0,5.0,1.8,0.5,0.0,0.2,
1,fair,np,b,3,3,234,1,10,3.0,70.0,,5.0,10.0,1.1,0.0,3.0,0.1,
1,fair,np,b,3,3,234,1,5,1.0,100.0,,0.0,10.0,1.4,0.5,0.0,0.2,
1,fair,np,b,5,1,0,44,10,6.0,70.0,,5.0,0.0,0.8,3.0,0.5,0.5,
1,fair,np,b,5,1,0,44,5,1.0,100.0,,10.0,0.0,0.8,30.0,10.0,0.2,
1,fair,np,b,5,2,120,19,10,10.0,40.0,,10.0,5.0,1.5,0.0,0.0,,
1,fair,np,b,5,2,120,19,5,6.0,30.0,,5.0,5.0,1.3,40.0,10.0,0.3,
1,fair,np,b,5,3,240,59,10,5.0,10.0,,3.0,0.5,0.5,0.5,0.5,0.4,
1,fair,np,b,5,3,240,59,5,6.0,100.0,,5.0,0.0,1.1,5.0,0.5,0.6,
1,fair,np,b,7,1,0,3,10,15.0,70.0,,40.0,0.5,1.4,0.5,0.0,0.2,
1,fair,np,b,7,1,0,3,5,7.0,90.0,,10.0,3.0,1.5,0.0,0.0,,
1,fair,np,b,7,2,120,4,10,8.0,100.0,,10.0,3.0,1.4,0.5,3.0,0.4,
1,fair,np,b,7,2,120,4,5,7.0,70.0,,20.0,3.0,1.3,3.0,0.5,0.4,
1,fair,np,b,7,3,240,44,10,2.0,50.0,,0.5,0.0,0.9,0.0,0.0,,
1,fair,np,b,7,3,240,44,5,4.0,80.0,,10.0,0.5,1.0,5.0,3.0,0.2,
1,fair,np,b,9,1,0,19,5,3.0,70.0,,0.5,0.0,0.4,0.5,0.0,0.2,
1,fair,np,b,9,1,0,19,10,2.0,50.0,,0.5,0.0,0.3,0.5,0.0,0.1,
1,fair,np,b,9,2,120,9,5,5.0,40.0,,0.0,0.5,1.3,0.5,0.0,0.3,
1,fair,np,b,9,2,120,9,10,16.0,30.0,,0.0,0.5,1.1,0.0,0.0,,
1,fair,np,b,9,3,240,16,5,3.0,70.0,,0.5,0.0,0.5,0.0,0.0,,
1,fair,np,b,9,3,240,16,10,5.0,60.0,,0.5,3.0,1.4,0.0,0.0,,
1,fair,np,nb,1,1,0,4,5,3.0,70.0,,20.0,0.0,1.0,0.5,0.0,0.4,
1,fair,np,nb,1,1,0,4,10,2.0,90.0,,50.0,3.0,1.3,10.0,0.0,0.4,
1,fair,np,nb,1,2,129,5,5,3.0,20.0,,10.0,3.0,0.9,3.0,0.5,0.2,
1,fair,np,nb,1,2,129,5,10,3.0,30.0,,10.0,0.5,1.2,30.0,0.5,0.1,
1,fair,np,nb,1,3,240,7,5,1.0,90.0,,3.0,0.0,0.9,10.0,0.4,0.4,
1,fair,np,nb,1,3,240,7,10,6.0,30.0,,40.0,0.5,1.1,3.0,0.0,0.6,
1,fair,np,nb,10,1,0,3,10,2.0,40.0,,3.0,0.5,0.6,30.0,0.5,0.1,
1,fair,np,nb,10,1,0,3,5,1.0,90.0,,20.0,3.0,1.1,70.0,0.5,0.1,
1,fair,np,nb,10,2,120,2,10,3.0,10.0,,10.0,0.5,1.7,20.0,0.5,0.2,
1,fair,np,nb,10,2,120,2,5,3.0,75.0,,5.0,0.5,0.5,0.5,0.0,0.1,
1,fair,np,nb,10,3,240,21,10,5.0,50.0,,3.0,0.5,1.8,10.0,0.5,0.2,
1,fair,np,nb,10,3,240,21,5,1.0,10.0,,5.0,0.5,0.6,50.0,0.5,0.2,
1,fair,np,nb,3,1,0,11,5,8.0,30.0,,20.0,0.0,1.4,0.5,0.0,0.1,in skid at 10m
1,fair,np,nb,3,1,0,11,10,6.0,50.0,,0.5,0.0,0.3,10.0,0.5,0.4,in skid at 10m
1,fair,np,nb,3,2,114,3,5,2.0,100.0,,20.0,3.0,1.3,0.5,0.0,0.4,
1,fair,np,nb,3,2,114,3,10,4.0,90.0,,0.0,10.0,1.3,30.0,3.0,0.3,
1,fair,np,nb,3,3,240,21,5,1.0,100.0,,40.0,10.0,1.2,0.5,0.0,0.2,in skid at 10m
1,fair,np,nb,3,3,240,21,10,2.0,90.0,,3.0,0.0,0.4,40.0,0.5,0.3,in skid at 10m
1,fair,np,nb,5,1,0,6,5,6.0,20.0,,30.0,0.5,1.3,0.0,0.0,,
1,fair,np,nb,5,1,0,6,10,6.0,70.0,,0.5,0.0,1.2,3.0,0.0,0.3,
1,fair,np,nb,5,2,120,1,5,4.0,30.0,,20.0,0.5,1.0,0.0,0.0,,
1,fair,np,nb,5,2,120,1,10,3.0,80.0,,0.5,0.5,0.9,20.0,3.0,0.3,
1,fair,np,nb,5,3,240,3,5,3.0,90.0,,0.5,0.0,0.3,10.0,0.5,0.2,crosses skid
1,fair,np,nb,5,3,240,3,10,3.0,80.0,,40.0,0.5,1.5,40.0,0.5,0.5,crosses skid
1,fair,np,nb,7,1,0,2,5,2.0,100.0,,20.0,0.5,0.6,50.0,20.0,0.4,
1,fair,np,nb,7,1,0,2,10,4.0,20.0,,30.0,0.5,0.7,30.0,3.0,0.2,
1,fair,np,nb,7,2,120,3,5,10.0,10.0,,30.0,0.0,0.9,0.0,0.0,,
1,fair,np,nb,7,2,120,3,10,6.0,30.0,,30.0,3.0,0.6,10.0,20.0,0.2,
1,fair,np,nb,7,3,240,2,5,5.0,80.0,,10.0,0.0,0.6,20.0,20.0,0.3,in skid at 10m
1,fair,np,nb,7,3,240,2,10,10.0,30.0,,20.0,0.0,0.9,50.0,10.0,0.4,in skid at 10m
1,hare,ls,b,10,1,0,18,5,3.0,9.0,,0.5,0.5,1.0,0.5,0.0,0.4,
1,hare,ls,b,10,1,0,18,10,3.0,80.0,,0.5,0.5,0.3,0.0,0.0,,
1,hare,ls,b,10,2,110,2,5,4.0,90.0,,3.0,0.0,0.6,0.0,0.0,,
1,hare,ls,b,10,2,110,2,10,3.0,90.0,,3.0,0.5,1.0,0.0,0.0,,
1,hare,ls,b,10,3,240,13,5,5.0,80.0,,3.0,0.0,0.7,0.0,0.0,,
1,hare,ls,b,10,3,240,13,10,3.0,70.0,,3.0,0.0,1.0,0.0,0.0,,
1,hare,ls,b,12,1,0,5,5,6.0,15.0,,0.5,0.0,0.9,0.0,0.0,,
1,hare,ls,b,12,1,0,5,10,3.0,70.0,,3.0,0.5,0.6,0.0,0.0,,
1,hare,ls,b,12,2,120,67,5,6.0,25.0,,8.0,3.0,0.9,1.0,0.0,0.1,
1,hare,ls,b,12,2,120,67,10,1.0,100.0,,0.5,0.0,1.0,60.0,0.0,0.3,
1,hare,ls,b,12,3,240,35,5,11.0,15.0,,3.0,3.0,0.6,0.0,0.0,,
1,hare,ls,b,12,3,240,35,10,4.0,50.0,,55.0,3.0,0.9,0.5,0.0,0.1,
1,hare,ls,b,2,1,0,4,5,5.0,20.0,,3.0,3.0,0.6,0.5,0.0,0.5,
1,hare,ls,b,2,1,0,4,10,7.0,15.0,,10.0,3.0,0.7,0.0,0.0,,
1,hare,ls,b,2,2,120,9,5,1.0,100.0,,0.5,0.0,0.1,3.0,0.0,0.1,
1,hare,ls,b,2,2,120,9,10,1.0,100.0,,3.0,0.5,0.8,3.0,0.0,0.6,
1,hare,ls,b,2,3,240,1,5,3.0,90.0,,0.5,0.5,0.4,0.5,0.0,0.4,
1,hare,ls,b,2,3,240,1,10,6.0,10.0,,0.5,0.0,0.1,3.0,0.0,0.2,
1,hare,ls,b,5,1,0,36,5,8.0,25.0,,3.0,0.5,0.9,0.5,0.0,0.3,
1,hare,ls,b,5,1,0,36,10,9.0,30.0,,0.5,10.0,1.4,0.5,0.5,0.4,
1,hare,ls,b,5,2,129,31,5,1.0,100.0,,0.0,3.0,1.2,0.5,0.0,0.1,
1,hare,ls,b,5,2,129,31,10,6.0,20.0,,0.5,0.0,0.3,20.0,0.5,0.3,
1,hare,ls,b,5,3,240,,5,6.0,10.0,,0.5,3.0,1.3,3.0,0.5,0.4,
1,hare,ls,b,5,3,240,,10,9.0,10.0,,0.5,0.5,1.5,0.5,0.0,0.1,
1,hare,ls,b,6,1,0,11,5,3.0,80.0,,0.5,0.0,0.4,0.5,0.0,0.1,
1,hare,ls,b,6,1,0,11,10,5.0,40.0,,5.0,10.0,0.9,7.0,0.0,0.7,
1,hare,ls,b,6,2,120,4,5,2.0,100.0,,0.0,0.0,,60.0,0.0,0.1,
1,hare,ls,b,6,2,120,4,10,1.0,100.0,,1.0,0.0,0.5,25.0,0.0,0.2,
1,hare,ls,b,6,3,240,2,5,2.0,90.0,,5.0,0.0,0.5,0.0,0.0,,
1,hare,ls,b,6,3,240,2,10,8.0,10.0,,0.0,3.0,1.2,0.5,0.0,0.5,
1,hare,ls,nb,10,1,0,23,5,8.0,40.0,,0.5,0.0,1.4,0.0,0.0,,
1,hare,ls,nb,10,1,0,23,10,14.0,20.0,,5.0,3.0,1.1,0.0,0.0,,
1,hare,ls,nb,10,2,120,11,5,2.0,50.0,,3.0,0.0,0.7,0.5,0.0,0.3,
1,hare,ls,nb,10,2,120,11,10,1.0,90.0,,0.0,0.0,,3.0,0.5,0.5,
1,hare,ls,nb,10,3,240,37,5,10.0,30.0,,0.5,3.0,1.0,0.5,0.0,0.2,
1,hare,ls,nb,10,3,240,37,10,8.0,10.0,,0.0,0.0,,0.5,0.0,0.3,
1,hare,ls,nb,2,1,0,24,5,1.0,100.0,,3.0,0.5,0.6,0.5,0.5,0.5,
1,hare,ls,nb,2,1,0,24,10,3.0,60.0,,50.0,20.0,1.4,0.0,0.0,,
1,hare,ls,nb,2,2,120,3,5,7.0,30.0,,0.5,0.5,1.1,0.5,0.0,0.5,
1,hare,ls,nb,2,2,120,3,10,9.0,30.0,,0.5,0.5,0.3,0.5,0.0,0.2,
1,hare,ls,nb,2,3,240,7,5,9.0,20.0,,0.0,0.5,0.5,3.0,0.5,0.4,
1,hare,ls,nb,2,3,240,7,10,9.0,30.0,,0.5,0.5,1.2,0.5,0.0,0.5,
1,hare,ls,nb,4,1,0,28,5,3.0,60.0,,0.0,0.0,,0.5,0.0,0.3,
1,hare,ls,nb,4,1,0,28,10,6.0,30.0,,0.0,0.0,,0.5,0.0,0.4,
1,hare,ls,nb,4,2,120,6,5,8.0,20.0,,0.0,0.0,,0.5,0.0,0.1,
1,hare,ls,nb,4,2,120,6,10,7.0,20.0,,0.0,0.0,,0.5,0.0,0.1,
1,hare,ls,nb,4,3,240,32,5,12.0,30.0,,0.0,0.0,,3.0,0.0,0.4,
1,hare,ls,nb,4,3,240,32,10,7.0,10.0,,10.0,3.0,1.1,5.0,0.5,0.9,
1,hare,ls,nb,6,1,0,19,5,3.0,90.0,,0.5,0.0,0.6,40.0,3.0,0.6,
1,hare,ls,nb,6,1,0,19,10,5.0,10.0,,3.0,0.5,1.2,5.0,0.5,0.7,
1,hare,ls,nb,6,2,120,25,5,25.0,30.0,,0.5,0.0,1.3,0.0,0.0,,
1,hare,ls,nb,6,2,120,25,10,14.0,30.0,,0.5,0.0,2.0,0.5,0.0,0.8,
1,hare,ls,nb,6,3,240,53,5,17.0,40.0,,5.0,0.5,1.2,3.0,0.5,0.4,
1,hare,ls,nb,6,3,240,53,10,7.0,70.0,,0.5,0.5,0.8,0.0,0.0,,
1,hare,ls,nb,9,1,0,29,5,2.0,50.0,,0.5,0.0,0.3,3.0,0.0,0.4,
1,hare,ls,nb,9,1,0,29,10,12.0,30.0,,0.0,0.0,,0.5,0.0,0.2,
1,hare,ls,nb,9,2,120,48,5,64.0,10.0,,0.0,0.5,1.7,0.5,0.0,0.5,
1,hare,ls,nb,9,2,120,48,10,7.0,30.0,,3.0,0.5,1.2,0.5,0.0,0.1,
1,hare,ls,nb,9,3,240,7,5,2.0,50.0,,0.0,0.5,1.2,5.0,0.5,0.7,
1,hare,ls,nb,9,3,240,7,10,9.0,20.0,,3.0,3.0,0.9,3.0,0.5,0.7,
1,hare,m,b,1,1,0,2,5,3.0,10.0,,0.0,3.0,1.5,0.0,0.0,,
1,hare,m,b,1,1,0,2,10,6.0,30.0,,0.0,0.0,,0.5,0.0,0.1,
1,hare,m,b,1,2,120,13,5,1.0,50.0,,0.0,0.0,,0.5,0.5,0.2,
1,hare,m,b,1,2,120,13,10,1.0,60.0,,3.0,0.5,1.2,3.0,0.0,0.5,
1,hare,m,b,1,3,240,3,5,4.0,20.0,,5.0,0.0,1.8,3.0,0.0,0.2,shrubs are df sprouts
1,hare,m,b,1,3,240,3,10,2.0,30.0,,0.5,0.0,0.2,0.5,0.0,0.3,shrubs are df sprouts
1,hare,m,b,4,1,0,25,5,7.0,50.0,,30.0,0.5,1.7,0.5,0.0,0.1,
1,hare,m,b,4,1,0,25,10,8.0,70.0,,5.0,20.0,1.7,0.0,0.0,,
1,hare,m,b,4,2,131,23,5,6.0,20.0,,0.5,3.0,0.6,0.0,0.0,,
1,hare,m,b,4,2,131,23,10,8.0,10.0,,0.0,0.0,,0.5,0.5,0.4,
1,hare,m,b,4,3,240,24,5,6.0,10.0,,0.5,0.5,1.1,20.0,0.5,10.0,
1,hare,m,b,4,3,240,24,10,6.0,20.0,,0.0,0.5,1.3,3.0,0.0,0.5,
1,hare,m,b,5,1,0,2,10,4.0,20.0,,0.0,3.0,1.6,0.5,0.0,0.1,
1,hare,m,b,5,1,0,2,5,13.0,20.0,,0.0,10.0,1.2,0.5,0.0,0.6,
1,hare,m,b,5,2,120,12,10,3.0,30.0,,0.0,0.5,1.3,0.0,0.0,,
1,hare,m,b,5,2,120,12,5,2.0,50.0,,0.0,0.5,1.5,0.5,0.0,0.2,
1,hare,m,b,5,3,240,31,10,2.0,80.0,,0.0,0.5,1.3,0.0,0.0,,
1,hare,m,b,5,3,240,31,5,6.0,10.0,,0.5,0.5,1.1,0.5,0.5,0.5,
1,hare,m,b,8,1,0,2,5,6.0,30.0,,20.0,3.0,1.5,0.5,0.0,0.3,
1,hare,m,b,8,1,0,2,10,5.0,10.0,,5.0,0.5,1.4,0.0,0.0,,
1,hare,m,b,8,2,120,30,5,12.0,70.0,,3.0,0.5,0.9,0.0,0.0,,slash foliage present
1,hare,m,b,8,2,120,30,10,7.0,60.0,,0.5,0.5,1.2,0.5,0.0,0.1,slash foliage present
1,hare,m,b,8,3,240,22,5,3.0,50.0,,0.5,0.0,0.6,0.5,0.0,0.4,
1,hare,m,b,8,3,240,22,10,6.0,30.0,,0.0,3.0,0.6,0.5,0.0,0.3,
1,hare,m,b,9,1,0,13,5,5.0,10.0,,30.0,0.0,0.7,0.0,0.0,,
1,hare,m,b,9,1,0,13,10,5.0,10.0,,10.0,0.0,0.6,0.0,0.0,,
1,hare,m,b,9,2,120,4,5,6.0,40.0,,30.0,0.5,1.2,0.5,0.5,0.5,
1,hare,m,b,9,2,120,4,10,8.0,30.0,,50.0,10.0,1.8,0.5,0.0,0.2,
1,hare,m,b,9,3,240,3,5,4.0,10.0,,20.0,0.5,1.1,0.0,0.0,,broken rw top with foliage suspended in shrub
1,hare,m,b,9,3,240,3,10,2.0,60.0,,10.0,3.0,1.6,0.0,0.0,,broken rw top with foliage suspended in shrub
1,hare,m,nb,1,1,0,21,5,3.0,10.0,,3.0,0.5,0.5,0.5,0.0,0.1,
1,hare,m,nb,1,1,0,21,10,13.0,10.0,,0.5,0.0,1.1,0.0,0.0,,
1,hare,m,nb,1,2,120,26,5,4.0,20.0,,0.0,0.5,1.7,0.0,0.0,,
1,hare,m,nb,1,2,120,26,10,7.0,10.0,,0.5,0.5,0.8,0.0,0.0,,
1,hare,m,nb,1,3,240,25,5,0.0,,,3.0,0.0,0.2,0.5,0.0,0.1,in skid at 10m
1,hare,m,nb,1,3,240,25,10,5.0,60.0,,20.0,0.5,1.3,0.0,0.0,,in skid at 10m
1,hare,m,nb,10,1,0,6,5,3.0,30.0,,0.0,0.5,1.8,0.0,0.0,,
1,hare,m,nb,10,1,0,6,10,5.0,20.0,,0.5,0.0,1.4,0.0,0.0,,
1,hare,m,nb,10,2,120,7,5,5.0,60.0,,10.0,10.0,1.3,0.5,0.0,0.4,
1,hare,m,nb,10,2,120,7,10,5.0,20.0,,5.0,3.0,0.9,0.0,0.0,,
1,hare,m,nb,10,3,240,,5,1.0,100.0,,20.0,0.5,0.8,0.5,0.0,0.2,
1,hare,m,nb,10,3,240,,10,5.0,10.0,,10.0,0.5,1.0,0.0,0.0,,
1,hare,m,nb,3,1,0,34,5,9.0,10.0,,3.0,0.5,0.7,0.5,0.5,0.2,
1,hare,m,nb,3,1,0,34,10,3.0,30.0,,0.5,0.0,0.4,0.0,0.0,,
1,hare,m,nb,3,2,120,11,5,4.0,20.0,,0.5,0.0,0.6,0.5,0.0,0.2,
1,hare,m,nb,3,2,120,11,10,7.0,30.0,,0.5,0.5,1.5,0.0,0.0,,
1,hare,m,nb,3,3,240,23,5,2.0,60.0,,0.0,0.0,,0.0,0.0,,
1,hare,m,nb,3,3,240,23,10,3.0,50.0,,0.0,0.0,,0.5,0.0,0.3,
1,hare,m,nb,5,1,0,7,5,3.0,20.0,,30.0,0.5,1.6,0.0,0.0,,
1,hare,m,nb,5,1,0,7,10,6.0,30.0,,20.0,0.5,1.3,0.0,0.0,,
1,hare,m,nb,5,2,120,2,5,6.0,30.0,,5.0,0.0,0.9,0.0,0.0,,
1,hare,m,nb,5,2,120,2,10,5.0,10.0,,0.5,0.0,0.8,0.0,0.0,,
1,hare,m,nb,5,3,240,4,5,4.0,50.0,,50.0,10.0,1.5,0.0,0.0,,
1,hare,m,nb,5,3,240,4,10,1.0,60.0,,60.0,10.0,1.4,0.0,0.0,,
1,hare,m,nb,9,1,0,6,5,2.0,30.0,,0.5,0.5,1.1,0.5,0.0,0.1,
1,hare,m,nb,9,1,0,6,10,5.0,70.0,,3.0,3.0,1.1,0.0,0.0,,
1,hare,m,nb,9,2,120,12,5,7.0,40.0,,0.5,0.0,0.8,0.0,0.0,,
1,hare,m,nb,9,2,120,12,10,9.0,50.0,,0.0,0.0,,0.0,0.0,,
1,hare,m,nb,9,3,240,12,5,3.0,60.0,,3.0,0.0,1.5,0.5,0.0,0.3,
1,hare,m,nb,9,3,240,12,10,4.0,20.0,,5.0,0.5,1.0,0.0,0.0,,
1,hare,np,b,1,1,0,33,5,6.0,15.0,,10.0,3.0,0.6,0.5,0.0,0.1,
1,hare,np,b,1,1,0,33,10,3.0,75.0,,3.0,0.5,0.6,0.5,0.5,0.1,
1,hare,np,b,1,2,128,15,5,8.0,25.0,,0.5,0.0,0.4,0.5,0.0,0.1,
1,hare,np,b,1,2,128,15,10,2.0,90.0,,0.0,0.0,,20.0,0.0,0.1,
1,hare,np,b,1,3,240,9,5,1.0,100.0,,0.0,0.5,1.0,0.5,0.0,0.4,
1,hare,np,b,1,3,240,9,10,1.0,100.0,,0.0,0.0,,0.5,0.0,0.1,
1,hare,np,b,10,1,0,11,5,5.5,30.0,,0.5,0.0,0.2,0.5,0.5,0.4,
1,hare,np,b,10,1,0,11,10,10.5,60.0,,0.0,0.0,,0.0,0.0,,
1,hare,np,b,10,2,120,7,5,2.5,50.0,,0.5,0.0,1.4,0.0,0.0,,
1,hare,np,b,10,2,120,7,10,4.5,20.0,,0.0,0.5,1.4,0.0,0.0,,
1,hare,np,b,10,3,240,26,5,4.0,40.0,,0.0,0.5,1.6,0.0,0.0,,
1,hare,np,b,10,3,240,26,10,3.5,20.0,,0.0,0.5,1.4,0.0,0.0,,
1,hare,np,b,3,1,0,21,5,2.0,90.0,,3.0,0.0,1.6,3.0,0.0,0.4,
1,hare,np,b,3,1,0,21,10,4.0,25.0,,0.5,0.0,0.1,70.0,0.5,0.1,
1,hare,np,b,3,2,120,16,5,6.0,40.0,,0.0,0.0,,50.0,0.5,0.3,
1,hare,np,b,3,2,120,16,10,5.0,30.0,,0.0,0.0,,40.0,0.0,0.3,
1,hare,np,b,3,3,240,17,5,5.0,15.0,,0.5,0.0,0.4,3.0,0.5,0.4,
1,hare,np,b,3,3,240,17,10,4.0,20.0,,0.5,0.0,0.1,3.0,0.5,0.3,
1,hare,np,b,4,1,0,31,5,5.5,40.0,,0.0,3.0,1.6,0.0,0.0,,
1,hare,np,b,4,1,0,31,10,13.0,7.0,,0.5,3.0,1.3,0.5,0.5,0.3,
1,hare,np,b,4,2,120,13,5,4.5,60.0,,20.0,0.5,1.5,0.0,0.0,,
1,hare,np,b,4,2,120,13,10,5.5,5.0,,0.5,0.5,1.6,10.0,0.5,0.5,
1,hare,np,b,4,3,240,15,5,3.5,10.0,,0.0,0.0,,20.0,0.5,0.6,
1,hare,np,b,4,3,240,15,10,8.0,40.0,,0.0,0.5,1.3,0.5,0.0,0.1,
1,hare,np,b,8,1,0,7,5,9.2,5.0,,0.0,3.0,1.4,0.0,0.0,,lots of downed saplings
1,hare,np,b,8,1,0,7,10,5.9,10.0,,0.0,0.5,1.5,0.5,0.0,0.2,lots of downed saplings
1,hare,np,b,8,2,120,6,5,3.0,50.0,,0.0,10.0,0.5,0.0,0.0,,"transect crosses downed saplings, rw slash suspended in leaning dead saplings, lots of downed saplings"
1,hare,np,b,8,2,120,6,10,1.0,75.0,,0.0,3.0,1.2,0.5,0.0,0.2,"transect crosses downed saplings, rw slash suspended in leaning dead saplings, lots of downed saplings"
1,hare,np,b,8,3,240,2,5,1.0,65.0,,0.5,0.0,0.6,0.0,0.0,,lots of downed saplings
1,hare,np,b,8,3,240,2,10,2.5,40.0,,0.0,0.0,,0.0,0.0,,lots of downed saplings
1,hare,np,nb,1,1,0,55,5,5.0,20.0,,0.5,0.0,0.3,0.0,0.0,,
1,hare,np,nb,1,1,0,55,10,10.0,20.0,,20.0,3.0,1.6,3.0,0.0,1.1,
1,hare,np,nb,1,2,130,38,5,0.0,,,0.0,0.0,,5.0,0.5,0.4,in skid at 10m
1,hare,np,nb,1,2,130,38,10,6.0,30.0,,0.0,0.0,,30.0,3.0,0.6,in skid at 10m
1,hare,np,nb,1,3,240,37,5,10.0,20.0,,0.5,0.0,0.4,0.0,0.0,,
1,hare,np,nb,1,3,240,37,10,7.0,10.0,,0.5,0.0,0.6,0.5,0.0,0.5,
1,hare,np,nb,11,1,0,7,5,16.0,20.0,,20.0,0.5,1.1,0.0,0.0,,
1,hare,np,nb,11,1,0,7,10,10.0,20.0,,0.5,0.0,0.6,0.0,0.0,,
1,hare,np,nb,11,2,120,20,5,3.0,20.0,,0.0,3.0,1.3,0.5,0.0,0.2,
1,hare,np,nb,11,2,120,20,10,7.0,10.0,,0.0,0.5,1.4,0.5,0.0,0.1,
1,hare,np,nb,11,3,240,10,5,14.0,10.0,,0.0,0.0,,0.5,0.0,0.2,
1,hare,np,nb,11,3,240,10,10,1.0,100.0,,0.5,0.0,0.3,0.5,0.0,0.2,
1,hare,np,nb,5,1,0,38,5,16.0,60.0,,3.0,3.0,0.7,0.5,0.5,0.6,"large rotting log, not counted as duff depth"
1,hare,np,nb,5,1,0,38,10,13.0,50.0,,0.5,0.0,1.2,0.0,0.0,,"large rotting log, not counted as duff depth"
1,hare,np,nb,5,2,120,5,5,4.0,20.0,,0.0,0.0,,0.5,0.0,0.5,
1,hare,np,nb,5,2,120,5,10,5.0,60.0,,3.0,0.0,1.2,0.5,0.5,0.3,
1,hare,np,nb,5,3,240,46,5,2.0,50.0,,0.5,0.5,0.7,0.5,0.0,0.3,huckleberry at 5m
1,hare,np,nb,5,3,240,46,10,4.0,60.0,,3.0,5.0,1.4,0.0,0.0,,huckleberry at 5m
1,hare,np,nb,6,1,0,12,5,2.0,60.0,,30.0,3.0,1.0,0.0,0.0,,
1,hare,np,nb,6,1,0,12,10,7.0,50.0,,10.0,0.5,1.3,0.0,0.0,,
1,hare,np,nb,6,2,120,32,5,9.0,70.0,,5.0,0.5,1.7,0.0,0.0,,
1,hare,np,nb,6,2,120,32,10,8.0,30.0,,3.0,3.0,1.2,0.0,0.0,,
1,hare,np,nb,6,3,240,34,5,6.0,30.0,,3.0,0.5,1.1,0.0,0.0,,
1,hare,np,nb,6,3,240,34,10,3.0,60.0,,0.5,0.5,1.5,0.5,0.0,0.3,
1,hare,np,nb,8,1,0,42,5,13.0,30.0,,0.0,0.5,0.8,0.5,0.5,0.3,
1,hare,np,nb,8,1,0,42,10,15.0,10.0,,0.0,0.0,,0.0,0.0,,
1,hare,np,nb,8,2,120,2,5,9.0,20.0,,0.0,0.0,,0.0,0.0,,
1,hare,np,nb,8,2,120,2,10,6.0,60.0,,0.0,0.5,1.2,3.0,0.5,0.3,
1,hare,np,nb,8,3,240,23,5,5.0,20.0,,3.0,0.5,1.2,0.0,0.0,,
1,hare,np,nb,8,3,240,23,10,4.0,20.0,,0.5,0.5,1.1,0.0,0.0,,
1,bob,m,b,2,1,0,8,5,4.0,100.0,22.0,10.0,0.0,0.7,3.0,0.5,0.1,
1,bob,m,b,2,1,0,8,10,7.0,95.0,39.0,0.0,0.0,,20.0,10.0,0.2,
1,bob,m,b,2,2,120,15,5,2.0,100.0,14.0,3.0,0.0,0.9,3.0,0.0,0.1,
1,bob,m,b,2,2,120,15,10,1.0,100.0,12.0,0.0,0.0,,10.0,1.0,0.1,
1,bob,m,b,2,3,240,9,5,4.0,90.0,50.0,30.0,1.0,0.5,10.0,3.0,0.1,in road from 7 to 10 m
1,bob,m,b,2,3,240,9,10,1.0,100.0,2.0,0.0,0.0,,1.0,3.0,0.1,in road from 7 to 10 m
1,bob,m,nb,2,1,0,25,5,2.0,100.0,1.0,0.0,0.0,,20.0,3.0,0.3,
1,bob,m,nb,2,1,0,25,10,3.0,100.0,1.0,1.0,0.0,0.5,20.0,3.0,0.3,
1,bob,m,nb,2,2,120,5,5,4.0,100.0,24.0,1.0,0.0,0.7,40.0,3.0,0.3,
1,bob,m,nb,2,2,120,5,10,3.0,100.0,45.0,0.0,0.0,,10.0,1.0,0.1,
1,bob,m,nb,2,3,240,45,5,1.0,100.0,55.0,0.0,0.0,,20.0,10.0,0.6,
1,bob,m,nb,2,3,240,45,10,2.0,100.0,38.0,1.0,0.0,0.2,10.0,0.5,0.1,
1,bob,np,b,10,1,0,13,5,4.0,40.0,8.0,3.0,0.0,0.1,3.0,1.0,0.4,
1,bob,np,b,10,1,0,13,10,4.0,50.0,12.0,30.0,0.0,0.2,30.0,3.0,0.2,
1,bob,np,b,10,2,120,2,5,3.0,20.0,15.0,0.5,0.0,0.1,3.0,0.5,0.2,
1,bob,np,b,10,2,120,2,10,9.0,5.0,8.0,0.5,0.0,0.1,40.0,10.0,0.2,
1,bob,np,b,10,3,240,12,5,6.0,30.0,10.0,1.0,0.0,0.1,0.5,0.0,0.1,
1,bob,np,b,10,3,240,12,10,11.0,50.0,16.0,1.0,0.0,0.1,10.0,0.0,0.1,
1,camp8,m,nb,2,1,4,6,5,1.0,100.0,15.0,3.0,0.0,0.7,0.5,0.0,0.1,
1,camp8,m,nb,2,1,4,6,10,5.0,80.0,8.0,0.0,0.0,,0.5,0.0,0.1,
1,camp8,m,nb,2,2,120,10,5,5.0,100.0,12.0,3.0,0.0,0.7,0.5,0.0,0.1,
1,camp8,m,nb,2,2,120,10,10,11.0,95.0,17.0,0.0,0.0,,0.5,0.0,0.1,
1,camp8,m,nb,2,3,240,5,5,2.0,100.0,50.0,3.0,0.5,0.9,0.0,0.0,,
1,camp8,m,nb,2,3,240,5,10,1.0,100.0,120.0,30.0,0.5,1.1,0.0,0.0,,
1,camp8,np,b,6,1,0,14,5,10.0,80.0,24.0,50.0,1.0,1.2,5.0,0.5,0.2,
1,camp8,np,b,6,1,0,14,10,2.0,100.0,14.0,20.0,0.5,0.1,1.0,0.0,0.1,
1,camp8,np,b,6,2,120,11,5,3.0,90.0,7.0,30.0,0.5,0.2,10.0,0.5,0.3,
1,camp8,np,b,6,2,120,11,10,1.0,100.0,10.0,10.0,0.5,0.1,50.0,1.0,0.3,
1,camp8,np,b,6,3,240,12,5,8.0,70.0,10.0,40.0,0.5,0.2,3.0,1.0,0.2,
1,camp8,np,b,6,3,240,12,10,2.0,100.0,12.0,40.0,0.1,0.4,3.0,0.5,0.1,
1,dun,ls,b,11,1,0,46,5,10.0,30.0,25.0,1.0,0.0,0.4,0.0,0.0,,
1,dun,ls,b,11,1,0,46,10,7.0,20.0,30.0,1.0,0.0,0.1,0.0,0.0,,
1,dun,ls,b,11,2,130,42,5,1.0,100.0,18.0,30.0,0.5,1.0,0.0,0.0,,
1,dun,ls,b,11,2,130,42,10,9.0,30.0,15.0,5.0,0.0,0.6,0.0,0.0,,
1,dun,ls,b,11,3,240,25,5,1.0,100.0,3.0,10.0,0.5,0.3,1.0,0.5,0.1,
1,dun,ls,b,11,3,240,25,10,4.0,80.0,8.0,10.0,0.5,0.1,0.0,0.0,,
1,fair,ls,b,6,1,0,25,5,10.0,60.0,17.0,0.5,0.0,0.2,0.0,0.0,,
1,fair,ls,b,6,1,0,25,10,12.0,20.0,20.0,40.0,1.0,1.1,0.5,0.0,0.1,
1,fair,ls,b,6,2,120,5,5,7.0,20.0,18.0,10.0,0.5,0.4,1.0,0.5,0.2,
1,fair,ls,b,6,2,120,5,10,5.0,40.0,24.0,30.0,0.0,1.3,70.0,3.0,0.4,
1,fair,ls,b,6,3,240,8,5,1.0,100.0,60.0,3.0,0.0,0.1,10.0,0.5,0.1,
1,fair,ls,b,6,3,240,8,10,1.0,100.0,12.0,30.0,1.0,0.5,20.0,1.0,0.2,
1,fair,ls,b,7,1,0,32,5,2.0,80.0,50.0,30.0,1.0,1.0,0.0,0.0,,
1,fair,ls,b,7,1,0,32,10,1.0,100.0,28.0,0.0,0.0,,3.0,1.0,0.2,
1,fair,ls,b,7,2,105,1,5,7.0,20.0,130.0,1.0,0.0,1.3,0.0,0.0,,
1,fair,ls,b,7,2,105,1,10,8.0,10.0,91.0,0.0,0.0,,0.0,0.0,,
1,fair,ls,b,7,3,240,17,5,4.0,80.0,14.0,0.5,0.0,0.1,20.0,1.0,0.1,
1,fair,ls,b,7,3,240,17,10,5.0,40.0,23.0,20.0,1.0,1.6,20.0,0.5,0.1,
1,fair,m,b,2,1,355,6,5,7.0,20.0,14.0,0.0,0.0,,10.0,0.5,0.1,
1,fair,m,b,2,1,355,6,10,4.0,20.0,9.0,0.0,0.0,,1.0,0.0,0.1,
1,fair,m,b,2,2,120,16,5,4.0,10.0,21.0,0.0,0.0,,20.0,3.0,0.3,
1,fair,m,b,2,2,120,16,10,10.0,20.0,12.0,0.0,0.0,,20.0,0.5,0.1,
1,fair,m,b,2,3,240,3,5,3.0,80.0,8.0,0.0,0.0,,60.0,10.0,0.2,
1,fair,m,b,2,3,240,3,10,1.0,100.0,5.0,0.0,0.0,,1.0,0.5,0.1,
1,fair,m,nb,2,1,0,2,5,10.0,95.0,11.0,3.0,0.0,0.7,10.0,0.5,0.3,
1,fair,m,nb,2,1,0,2,10,3.0,30.0,5.0,0.0,0.0,,30.0,0.5,0.2,
1,fair,m,nb,2,2,120,5,5,10.0,90.0,13.0,0.0,0.0,,1.0,0.0,0.1,
1,fair,m,nb,2,2,120,5,10,6.0,80.0,10.0,3.0,0.0,0.4,0.0,0.0,,
1,fair,m,nb,2,3,240,6,5,7.0,10.0,20.0,0.0,0.0,,0.5,0.0,0.2,
1,fair,m,nb,2,3,240,6,10,7.0,10.0,9.0,0.0,0.0,,0.0,0.0,,
1,hare,ls,nb,3,1,0,23,5,1.0,100.0,40.0,0.0,0.0,,40.0,10.0,0.4,
1,hare,ls,nb,3,1,0,23,10,7.0,50.0,60.0,30.0,0.5,1.0,20.0,3.0,0.1,
1,hare,ls,nb,3,2,120,25,5,12.0,40.0,10.0,0.0,0.0,,3.0,0.0,0.1,
1,hare,ls,nb,3,2,120,25,10,5.0,30.0,8.0,0.0,0.0,,1.0,0.0,0.1,
1,hare,ls,nb,3,3,240,18,5,7.0,20.0,31.0,0.0,0.0,,20.0,0.5,0.3,
1,hare,ls,nb,3,3,240,18,10,6.0,20.0,6.0,0.0,0.0,,3.0,0.5,0.1,
1,hare,ls,nb,5,1,0,18,5,3.0,100.0,7.0,10.0,0.0,0.3,3.0,0.0,0.1,
1,hare,ls,nb,5,1,0,18,10,2.0,90.0,8.0,40.0,1.0,0.2,3.0,1.0,0.3,
1,hare,ls,nb,5,2,120,4,5,13.0,69.0,15.0,1.0,0.0,0.2,20.0,0.5,0.2,
1,hare,ls,nb,5,2,120,4,10,1.0,100.0,5.0,1.0,0.5,0.2,1.0,0.5,0.1,
1,hare,ls,nb,5,3,234,5,5,9.0,100.0,110.0,3.0,0.5,0.9,0.0,0.0,,
1,hare,ls,nb,5,3,234,5,10,10.0,100.0,45.0,0.5,0.5,0.1,1.0,0.5,0.1,
1,bob,ls,nb,5,1,0,8,5,1.0,100.0,25.0,0.0,0.0,,10.0,1.0,0.4,
1,bob,ls,nb,5,1,0,8,10,10.0,90.0,30.0,0.0,0.0,,1.0,0.0,0.2,
1,bob,ls,nb,5,2,120,9,5,6.0,80.0,30.0,0.0,0.0,,10.0,1.0,0.5,
1,bob,ls,nb,5,2,120,9,10,6.0,60.0,10.0,0.0,0.0,,1.0,0.0,0.1,
1,bob,ls,nb,5,3,240,9,5,4.0,40.0,10.0,0.0,1.0,0.2,0.5,0.0,0.4,"missing slope, used average of others"
1,bob,ls,nb,5,3,240,9,10,2.0,100.0,30.0,1.0,0.0,0.2,0.5,0.0,0.4,"missing slope, used average of others"
1,dun,ls,b,22,1,0,,5,3.0,60.0,50.0,0.5,0.0,0.9,0.0,0.0,,missing slope
1,dun,ls,b,22,1,0,,10,4.0,90.0,60.0,10.0,0.0,0.6,0.0,0.0,,missing slope
1,dun,ls,b,22,3,240,,5,4.0,60.0,120.0,10.0,0.5,1.5,0.5,0.5,0.3,"missing slope, large OG redwood log, transect num not recorded,  guessed."
1,dun,ls,b,22,3,240,,10,7.0,60.0,60.0,3.0,0.0,0.9,0.0,0.0,,"missing slope, large OG redwood log, transect num not recorded,  guessed."
1,dun,ls,b,22,2,120,,5,4.0,70.0,25.0,1.0,0.0,0.3,1.0,0.0,0.1,missing slope
1,dun,ls,b,22,2,120,,10,12.0,100.0,20.0,0.0,0.0,,0.0,0.0,,missing slope
