stageid,site,treatment,burn,plotnum,treeid,clumpid,location,defecttype,notes
1,bob,ls,b,12,9767,,bot,cavity,no leader
1,bob,ls,b,12,9767,,mid,cavity,no leader
1,bob,ls,b,12,9767,,mid,break,no leader
1,bob,ls,b,12,9768,1,bot,cavity,
1,bob,ls,b,12,9769,2,bot,scar,
1,bob,ls,b,12,9771,3,bot,scar,
1,bob,ls,b,12,9772,,bot,conk,
1,bob,ls,b,12,9772,,mid,conk,
1,bob,ls,b,12,9772,,top,conk,
1,bob,ls,b,12,9773,,bot,operational,
1,bob,ls,b,12,9774,4,bot,break,new leader
1,bob,ls,b,12,9775,4,mid,break,new leader
1,bob,ls,b,12,9775,4,bot,scar,new leader
1,bob,ls,b,12,9776,5,bot,scar,
1,bob,ls,b,12,9777,6,bot,scar,
1,bob,ls,b,12,9778,6,top,scar,
1,bob,ls,b,12,9778,6,bot,scar,
1,bob,ls,b,12,9780,7,bot,scar,
1,bob,ls,b,12,9781,8,bot,scar,
1,bob,ls,b,3,780,2,bot,mistletoe,
1,bob,ls,b,3,785,4,bot,scar,
1,bob,ls,b,3,787,,bot,cav,
1,bob,ls,b,3,794,8,bot,scar,
1,bob,ls,b,6,9302,,bot,scar,
1,bob,ls,b,6,9303,1,bot,scar,
1,bob,ls,b,6,9306,,bot,scar,
1,bob,ls,b,6,9308,2,bot,cavity,
1,bob,ls,b,6,9310,3,bot,cavity,
1,bob,ls,b,6,9311,,bot,canker,
1,bob,ls,b,6,9318,5,bot,scar,
1,bob,ls,b,6,9319,,bot,scar,
1,bob,ls,b,9,9795,5,top,break,new leader
1,bob,ls,b,9,9796,5,bot,cavity,bottom third split in half
1,bob,ls,nb,1,702,1,bot,scar,
1,bob,ls,nb,1,705,2,bot,cav,
1,bob,ls,nb,1,706,3,bot,scar,
1,bob,ls,nb,1,709,5,bot,scar,
1,bob,ls,nb,1,715,7,top,break,new leader
1,bob,ls,nb,1,716,,mid,scar,
1,bob,ls,nb,1,716,,bot,scar,
1,bob,ls,nb,12,825,2,bot,scar,
1,bob,ls,nb,12,826,,bot,large dead sprout,lean downslope 50
1,bob,ls,nb,12,830,3,mid,healed scar,merge bilt
1,bob,ls,nb,12,830,3,bot,healed scar,merge bilt
1,bob,ls,nb,12,839,6,mid,scar,
1,bob,ls,nb,3,571,1,bottom,scar,
1,bob,ls,nb,3,572,1,bot,scar,exposed wood 40%
1,bob,ls,nb,3,573,2,bottom,scar,
1,bob,ls,nb,3,576,3,bot,scar,
1,bob,ls,nb,3,580,,top,dead top,mostly dead
1,bob,ls,nb,3,580,,mid,dead top,mostly dead
1,bob,ls,nb,6,9751,2,bot,scar,healed
1,bob,ls,nb,6,9754,3,bot,large dead sprout,
1,bob,ls,nb,6,9757,5,mid,scar,
1,bob,ls,nb,6,9757,5,bot,scar,
1,bob,ls,nb,6,9766,6,bot,break,"snapped, no leader"
1,bob,ls,nb,6,9766,6,bot,scar,"snapped, no leader"
1,hare,np,b,10,764,,bot,on dead stump,
1,hare,np,b,10,807,1,bot,on dead stump,
1,hare,np,b,10,806,,bot,on dead stump,
1,bob,ls,nb,9,849,2,top,scar,
1,bob,ls,nb,9,849,2,mid,scar,
1,bob,ls,nb,9,849,2,bot,scar,
1,bob,ls,nb,9,851,4,mid,break,"bark rotting, falling off"
1,bob,ls,nb,9,851,4,bot,necrosis,"bark rotting, falling off"
1,bob,ls,nb,9,852,,top,break,"bark rotting, falling off"
1,bob,ls,nb,9,852,,bot,necrosis,"bark rotting, falling off"
1,bob,ls,nb,9,854,5,bot,down,"knocked over, on ground"
1,bob,m,b,1,941,1,bot,break,no leader
1,bob,m,b,1,947,3,bot,scar,
1,bob,m,b,1,950,,bot,scar,
1,bob,m,b,11,879,2,bot,scar,
1,bob,m,b,11,881,,bot,scar,
1,bob,m,b,11,884,5,bot,cavity,
1,bob,m,b,11,885,5,top,cavity,"broken top, no leader"
1,bob,m,b,11,885,5,bot,cavity,"broken top, no leader"
1,bob,m,b,11,895,9,top,scar,
1,bob,m,b,11,895,9,mid,scar,
1,bob,m,b,11,895,9,bot,cavity,
1,bob,m,b,11,897,10,bot,cav,
1,bob,m,b,11,899,,bot,operational,
1,bob,m,b,4,9329,5,mid,break,new leader
1,bob,m,b,4,9338,,bot,large dead sprout,
1,bob,m,b,6,856,2,top,sparse foliage,
1,bob,m,b,6,856,2,mid,sparse foliage,
1,bob,m,b,6,856,2,bot,cavity,
1,bob,m,b,6,857,2,top,sparse foliage,
1,bob,m,b,6,857,2,mid,sparse foliage,
1,bob,m,b,6,858,,bot,conk,
1,bob,m,b,6,859,,bot,cavity,
1,bob,m,b,6,866,5,top,suppressed leader,
1,bob,m,b,6,867,6,bot,scar,
1,bob,m,b,6,871,7,bot,cavity,
1,bob,m,b,7,916,3,bot,cavity,
1,bob,m,b,7,917,3,mid,break,no new leader
1,bob,m,b,7,917,3,bot,scar,no new leader
1,bob,m,b,7,918,,bot,cavity,
1,bob,m,b,7,921,5,bot,cavity,
1,bob,m,b,7,924,6,top,break,leader hanging
1,bob,m,b,7,930,9,mid,deadtop,lean 20
1,bob,m,b,7,931,10,bot,break,no leader
1,bob,m,b,7,932,10,bot,scar,
1,bob,m,b,7,938,,bot,scar,
1,bob,m,b,7,940,,bot,large dead sprout,
1,bob,m,nb,1,3335,,bot,cavity,
1,bob,m,nb,1,9337,,bot,cavity,
1,bob,m,nb,1,9344,5,bot,scar,
1,bob,m,nb,1,9345,6,bot,scar,
1,bob,ls,nb,12,826,,bot,scar,lean downslope 50
1,bob,m,b,6,870,7,bot,cavity,
1,bob,m,b,6,872,,bot,cavity,
1,bob,m,nb,10,3323,1,bot,cavity,lean
1,bob,m,nb,10,3324,,bot,skid,
1,bob,m,nb,10,3325,2,top,deadtop,
1,bob,m,nb,10,3325,2,mid,deadtop,
1,bob,m,nb,10,3325,2,bot,scar,
1,bob,m,nb,10,3326,2,bot,cavity,
1,bob,m,nb,10,3331,4,top,break,lean
1,bob,m,nb,10,3331,4,mid,break,lean
1,bob,m,nb,11,3372,,bot,conk,
1,bob,m,nb,11,3374,2,bot,operational,
1,bob,m,nb,11,3382,6,bot,scar,"tag @ 1.9m, on high stump"
1,bob,m,nb,3,3349,2,bot,scar,
1,bob,m,nb,3,3366,,bot,bear damage,clup out: 18.3
1,bob,m,nb,3,3366,,mid,bear damage,clup out: 18.3
1,bob,m,nb,3,3366,,top,bear damage,clup out: 18.3
1,bob,m,nb,3,3366,,top,deadtop,clup out: 18.3
1,bob,m,nb,3,3366,,mid,deadtop,clup out: 18.3
1,bob,m,nb,7,9426,,bot,scar,
1,bob,m,nb,8,9801,1,bot,cavity,dia @ 1.9
1,bob,m,nb,8,9801,1,bot,large dead sprout,dia @ 1.9
1,bob,m,nb,8,9802,1,bot,cavity,dia @ 1.9
1,bob,m,nb,8,9802,1,bot,scar,dia @ 1.9
1,bob,m,nb,9,3391,,bot,scar,
1,bob,m,nb,9,3391,,bot,conk,
1,bob,np,b,1,973,,bot,large dead sprout,
1,bob,np,b,1,976,,bot,scar,
1,bob,np,b,1,977,4,bot,scar,
1,bob,np,b,1,978,5,bot,scar,
1,bob,np,b,1,980,7,bot,large dead sprout,
1,bob,np,b,1,981,7,top,deadtop,just sprouts on bole
1,bob,np,b,1,982,7,top,deadtop,just sprouts on bole
1,bob,np,b,1,984,8,bot,large dead sprout,
1,bob,np,b,1,985,,mid,scar,
1,bob,np,b,1,985,,bot,scar,
1,bob,np,b,12,9343,1,bot,large dead sprout,
1,bob,np,b,12,9348,4,bot,scar,
1,bob,np,b,3,961,1,bot,scar,
1,bob,np,b,3,962,3,bot,break,new leader
1,bob,np,b,3,964,,bot,large dead sprout,
1,bob,np,b,3,965,4,bot,scar,new leader
1,bob,np,b,3,966,,mid,break,new leader
1,bob,np,b,3,965,4,top,break,new leader
1,bob,np,b,6,988,,bot,large dead sprout,
1,bob,np,b,6,998,,bot,canker,dead crown @ 0
1,bob,np,b,6,9404,,bot,large dead sprout,
1,bob,np,b,9,9412,1,bot,scar,dead snag in clump
1,bob,np,b,9,9413,1,top,broken fork,
1,bob,np,b,9,9415,,bot,scar,
1,bob,np,b,9,9416,,bot,break,
1,bob,np,b,9,9419,2,bot,turkey tail,large clump ring
1,bob,np,b,9,9420,2,bot,turkey tail,large clump ring
1,bob,np,b,9,9420,2,bot,large dead sprout,large clump ring
1,bob,np,b,9,9420,2,top,deadtop,large clump ring
1,bob,np,b,9,9421,2,top,deadtop,large clump ring
1,bob,np,b,9,9422,3,bot,scar,lean 65
1,bob,np,b,9,9423,4,bot,break,no leader
1,bob,np,nb,1,3428,6,top,deadtop,
1,bob,np,nb,1,3428,6,mid,deadtop,
1,bob,np,nb,1,3429,6,bot,scar,
1,bob,np,nb,1,3430,7,bot,scar,"merge with 31, diameter estimate"
1,bob,np,nb,1,3432,7,bot,tear,
1,bob,np,nb,1,3433,,top,break,
1,bob,np,nb,1,3433,,mid,break,
1,bob,np,nb,1,3433,,bot,cavity,
1,bob,np,nb,1,3437,9,top,break,
1,bob,np,nb,1,3437,9,mid,deadtop,
1,bob,np,nb,1,3437,9,bot,scar,
1,bob,np,nb,1,3438,9,top,stunted,
1,bob,np,nb,11,3487,,bot,operational,
1,bob,np,nb,11,3489,2,bot,cav,
1,bob,np,nb,11,3493,4,bot,scar,
1,bob,np,nb,11,3493,4,top,break,
1,bob,np,nb,11,3494,,bot,scar,
1,bob,np,nb,11,3502,6,bot,scar,missing cbh
1,bob,np,nb,11,3503,,top,suppressed,
1,bob,np,nb,11,3503,,bot,scar,
1,bob,np,nb,11,3487,,bot,scar,
1,bob,np,nb,12,3316,6,bot,operational,
1,bob,np,nb,12,3317,8,bot,cavity,
1,bob,np,nb,2,3468,,bot,cavity,
1,bob,np,nb,2,3470,2,bot,scar,
1,bob,np,nb,7,3449,3,bot,scar,
1,bob,np,nb,7,3451,,bot,scar,
1,bob,np,nb,7,3459,7,bot,scar,
1,bob,np,nb,7,3460,,bot,cavity,
1,bob,np,nb,7,3462,9,bot,scar,
1,bob,np,nb,7,3464,11,bot,healed scar,
1,bob,np,nb,7,3465,11,bot,healed scar,
1,camp8,ls,b,12,4300,,bot,scar,
1,camp8,ls,b,12,4303,,bot,scar,
1,camp8,ls,b,12,4305,,bot,scar,
1,camp8,ls,b,12,4310,,bot,scar,
1,camp8,ls,b,12,4311,,bot,scar,
1,camp8,ls,b,12,4312,,bot,operational,
1,camp8,ls,b,12,4315,,bot,operational,
1,camp8,ls,b,12,4317,,bot,operational,
1,camp8,ls,b,12,4319,2,bot,operational,
1,camp8,ls,b,12,4315,,top,break,
1,camp8,ls,b,12,4327,,top,break,
1,camp8,ls,b,13,4400,,mid,fork,
1,camp8,ls,b,3,4359,,bot,scar,
1,camp8,ls,b,3,4361,,bot,scar,
1,camp8,ls,b,3,4361,,mid,scar,
1,camp8,ls,b,3,4367,,bot,scar,
1,camp8,ls,b,3,4369,1,top,fork,
1,camp8,ls,b,3,4375,,bot,scar,
1,camp8,ls,b,5,4436,,mid,scar,
1,camp8,ls,b,5,4436,,bot,scar,
1,camp8,ls,b,8,4417,,mid,break,
1,camp8,ls,b,8,4417,,bot,scar,
1,camp8,ls,b,8,4426,,bot,cavity,
1,camp8,m,nb,1,9198,,bot,honeysuckle,dead crown @ 0
1,camp8,m,nb,1,9198,,bot,pistol butt,dead crown @ 0
1,camp8,m,nb,1,9199,,bot,scar,
1,camp8,m,nb,1,9009,2,bot,scar,
1,camp8,m,nb,1,9010,2,bot,scar,
1,camp8,m,nb,1,9024,,bot,scar,
1,camp8,m,nb,1,9022,,bot,pistol butt,
1,camp8,m,nb,10,9157,,mid,scar,
1,camp8,m,nb,10,9157,,bot,scar,
1,camp8,m,nb,10,9159,,bot,scar,
1,camp8,m,nb,10,9160,2,top,break,new leader
1,camp8,m,nb,10,9162,3,top,break,
1,camp8,m,nb,3,9026,1,bot,scar,
1,camp8,m,nb,3,9030,,bot,pistol butt,
1,camp8,m,nb,3,9034,,mid,break,
1,camp8,m,nb,3,9036,,bot,large dead sprout,borderline in
1,camp8,m,nb,3,9036,,bot,scar,borderline in
1,camp8,m,nb,3,9040,,bot,canker,
1,camp8,m,nb,3,9042,5,bot,scar,
1,camp8,m,nb,4,9172,,bot,scar,
1,camp8,m,nb,4,9172,,bot,conk,
1,camp8,m,nb,4,9175,,top,break,
1,camp8,m,nb,4,9175,,top,scar,
1,camp8,m,nb,4,9175,,mid,scar,
1,camp8,m,nb,4,9175,,bot,scar,
1,camp8,m,nb,4,9176,,bot,scar,lean 30
1,camp8,m,nb,4,9179,,top,scar,
1,camp8,m,nb,4,9179,,mid,scar,
1,camp8,m,nb,4,9179,,bot,scar,
1,camp8,m,nb,6,9149,9,top,break,new leader
1,camp8,m,nb,6,9150,10,bot,scar,
1,camp8,m,nb,6,9146,8,bot,large dead sprout,
1,camp8,m,nb,6,9150,10,bot,large dead sprout,
1,camp8,m,b,11,9060,1,top,break,"clump out 2, 2, 1, 2, 30, lean 50"
1,camp8,m,b,11,9061,1,top,break,"broken fork, broken branches"
1,camp8,m,b,11,9072,,bot,scar,
1,camp8,m,b,13,4018,,mid,break,suppressed
1,camp8,m,b,17,9049,2,bot,scar,
1,camp8,m,b,17,9051,,bot,pistol butt,dead crown @ 0
1,camp8,m,b,17,9053,,bot,scar,lean 50
1,camp8,m,b,17,9055,,top,break,new leader
1,camp8,m,b,17,9056,,bot,scar,
1,camp8,m,b,17,9057,,bot,scar,
1,camp8,m,b,5,4005,1,bot,cavity,
1,camp8,m,b,5,4006,2,bot,scar,
1,camp8,m,b,5,4006,2,mid,scar,
1,camp8,m,b,5,4007,,bot,cavity,
1,camp8,m,b,6,9081,,top,break,no leader
1,camp8,m,b,6,9082,5,top,bear damage,near skid road
1,camp8,m,b,6,9082,5,mid,bear damage,near skid road
1,camp8,m,b,6,9082,5,bot,bear damage,near skid road
1,camp8,m,b,6,9092,11,top,break,
1,camp8,m,b,6,4001,,bot,bear damage,
1,camp8,ls,nb,12,9360,,top,scar,
1,camp8,ls,nb,12,9360,,mid,scar,
1,camp8,ls,nb,12,9363,1,bot,break,"lean 0, still attached"
1,camp8,ls,nb,12,9364,,bot,large dead sprout,
1,camp8,ls,nb,2,9109,,bot,scar,
1,camp8,ls,nb,2,9110,,bot,scar,
1,camp8,ls,nb,2,9111,,bot,large dead sprout,
1,camp8,ls,nb,2,9115,,bot,cavity,"lean 45, bilt"
1,camp8,ls,nb,2,9115,,bot,large dead sprout,"lean 45, bilt"
1,camp8,ls,nb,4,9889,6,mid,cavity,"clump out 18, 30"
1,camp8,ls,nb,4,9889,6,bot,operational,"clump out 18, 30"
1,camp8,ls,nb,4,9894,8,top,deadtop,
1,camp8,ls,nb,4,9894,8,mid,turkey tail,
1,camp8,ls,nb,4,9894,8,mid,dead top,
1,camp8,ls,nb,4,9895,8,top,deadtop,mostly dead
1,camp8,ls,nb,6,9370,2,bot,operational,
1,camp8,ls,nb,6,9374,,bot,operational,
1,camp8,ls,nb,7,9379,1,mid,operational,
1,camp8,ls,nb,7,9876,,top,operational,
1,camp8,ls,nb,7,9876,,mid,operational,
1,camp8,ls,nb,7,9876,,bot,operational,
1,camp8,ls,nb,7,9877,,bot,operational,
1,camp8,np,b,10,4487,,bot,cavity,
1,camp8,np,b,10,4473,,mid,scar,
1,camp8,np,b,10,4473,,bot,scar,
1,camp8,np,b,10,4474,,mid,scar,
1,camp8,np,b,10,4474,,bot,scar,
1,camp8,np,b,10,4476,,mid,scar,
1,camp8,np,b,10,4476,,bot,scar,
1,camp8,np,b,10,4479,,bot,operational,
1,camp8,np,b,10,4481,2,bot,operational,
1,camp8,np,b,2,4440,1,bot,scar,
1,camp8,np,b,2,4451,4,mid,break,
1,camp8,np,b,2,4458,6,top,break,
1,camp8,np,b,2,4458,6,mid,cavity,
1,camp8,np,b,2,4458,6,bot,cavity,
1,camp8,np,b,4,4464,,bot,scar,lean 60
1,camp8,np,b,7,4488,,bot,scar,
1,camp8,np,b,7,4495,,top,break,
1,camp8,np,b,8,9606,,bot,fork,
1,camp8,np,nb,10,9682,,top,operational,
1,camp8,np,nb,10,9689,,top,operational,
1,camp8,np,nb,10,9690,,top,fork,
1,camp8,np,nb,10,9699,,top,operational,
1,camp8,np,nb,11,9713,,bot,scar,
1,camp8,np,nb,11,9714,,bot,scar,
1,camp8,np,nb,11,9717,,bot,scar,
1,camp8,np,nb,11,9720,,bot,operational,
1,camp8,np,nb,11,9723,,bot,scar,
1,camp8,np,nb,2,9640,,bot,fork,
1,camp8,np,nb,2,9641,,bot,operational,
1,camp8,np,nb,2,9643,,bot,break,
1,camp8,np,nb,2,9643,,bot,scar,
1,camp8,np,nb,3,9675,,top,scar,
1,camp8,np,nb,3,9679,,bot,operational,"girdled, dying"
1,camp8,np,nb,3,9661,,bot,operational,
1,camp8,np,nb,3,9662,,bot,cavity,
1,camp8,np,nb,3,9669,,bot,operational,
1,camp8,np,nb,8,9701,,bot,scar,
1,camp8,np,nb,8,9702,,bot,scar,
1,camp8,np,nb,8,9703,,bot,scar,
1,camp8,np,nb,8,9704,,bot,scar,
1,camp8,np,nb,8,9710,,mid,broken,
1,crib,ls,b,1,3082,,bot,scar,
1,crib,ls,b,1,3095,7,bot,scar,
1,crib,ls,b,1,3098,,bot,scar,
1,crib,ls,b,1,3099,8,bot,scar,
1,crib,ls,b,11,3153,,bot,scar,
1,crib,ls,b,11,3155,,bot,scar,
1,crib,ls,b,11,3157,1,bot,scar,
1,crib,ls,b,11,3164,3,bot,scar,
1,crib,ls,b,14,3176,1,bot,scar,
1,crib,ls,b,14,3176,1,bot,operational,
1,crib,ls,b,14,3177,1,bot,operational,
1,crib,ls,b,14,3181,,top,break,
1,crib,ls,b,14,3181,,bot,operational,
1,crib,ls,b,14,3182,3,top,break,
1,crib,ls,b,14,3182,3,bot,operational,
1,crib,ls,b,21,3183,,top,deadtop,"held up, wood rot, live strip"
1,crib,ls,b,21,3183,,mid,deadtop,"held up, wood rot, live strip"
1,crib,ls,b,21,3183,,bot,break,"held up, wood rot, live strip"
1,crib,ls,b,21,3184,,bot,operational,
1,crib,ls,b,21,3185,,bot,operational,
1,crib,ls,b,21,3186,,bot,operational,
1,crib,ls,b,21,3187,,bot,operational,
1,crib,ls,b,21,3193,5,top,break,merge biltmore
1,crib,ls,b,21,3194,5,bot,break,merge biltmore
1,crib,ls,b,21,3196,,top,break,
1,crib,ls,b,21,3199,,bot,operational,
1,crib,ls,b,23,9503,2,bot,operational,
1,crib,ls,b,23,9509,,mid,scar,
1,crib,ls,b,23,9509,,bot,scar,
1,crib,ls,b,23,9512,5,bot,scar,
1,crib,ls,b,23,9516,,bot,operational,
1,crib,ls,b,8,3114,,mid,operational,
1,crib,ls,b,8,3114,,bot,operational,
1,crib,ls,b,8,3119,9,bot,cavity,dead crown at 1
1,crib,ls,b,8,3122,,bot,scar,
1,crib,ls,b,8,3123,12,mid,scar,
1,crib,ls,b,8,3123,12,bot,scar,
1,crib,ls,b,8,3124,12,bot,scar,
1,crib,ls,b,8,3125,,top,break,
1,crib,ls,b,8,3125,,bot,operational,
1,crib,ls,b,8,3126,,bot,operational,
1,crib,ls,b,8,3136,18,bot,scar,big scar
1,crib,ls,b,8,3138,19,bot,scar,
1,crib,ls,nb,11,524,,bot,large dead sprout,
1,crib,ls,nb,11,536,,bot,large dead sprout,
1,crib,ls,nb,11,537,,top,fork,
1,crib,ls,nb,2,9280,,bot,scar,
1,crib,ls,nb,2,9280,,bot,operational,
1,crib,ls,nb,4,651,,bot,scar,
1,crib,ls,nb,4,652,,bot,scar,
1,crib,ls,nb,4,656,3,bot,scar,
1,crib,ls,nb,4,660,4,bot,scar,
1,crib,ls,nb,4,660,4,bot,large dead sprout,
1,crib,ls,nb,4,661,,bot,scar,
1,crib,ls,nb,4,662,,bot,large dead sprout,
1,crib,ls,nb,4,663,,bot,large dead sprout,
1,crib,ls,nb,4,673,,bot,cavity,large dead branch
1,crib,ls,nb,4,677,6,bot,large dead sprout,merge biltmore
1,crib,ls,nb,8,678,1,bot,scar,
1,crib,ls,nb,8,685,,bot,operational,
1,crib,ls,nb,8,694,,bot,scar,
1,crib,ls,nb,8,686,4,bot,large dead sprout,
1,crib,ls,nb,8,687,4,bot,large dead sprout,
1,crib,ls,nb,9,501,1,bot,large dead sprout,
1,crib,ls,nb,9,503,2,top,break,
1,crib,ls,nb,9,503,2,bot,scar,
1,crib,ls,nb,9,504,2,bot,scar,
1,crib,ls,nb,9,505,,bot,scar,
1,crib,ls,nb,9,510,4,top,break,new leader
1,crib,ls,nb,9,513,5,bot,break,mostly  gone
1,crib,ls,nb,9,513,5,bot,scar,mostly  gone
1,crib,ls,nb,9,521,,top,break,no leader
1,crib,ls,nb,9,521,,bot,scar,no leader
1,crib,ls,nb,9,522,9,bot,scar,out of order
1,crib,m,b,10,9913,,mid,scar,
1,crib,m,b,12,9807,,bot,operational,"loose bark, inflated dbh"
1,crib,m,b,12,9811,,bot,break,bent over
1,crib,m,b,12,9599,,bot,operational,
1,crib,m,b,12,9804,,bot,conk,
1,crib,m,b,19,9923,,mid,scar,
1,crib,m,b,19,9923,,bot,scar,
1,crib,m,b,19,9927,4,bot,scar,lean 45
1,crib,m,b,19,9930,,bot,scar,
1,crib,m,b,19,9932,,bot,scar,
1,crib,m,b,2,9533,,bot,honey suckle,
1,crib,m,b,2,9547,,bot,scar,
1,crib,m,b,4,9557,,bot,conk,
1,crib,m,b,4,9562,,mid,conk,lean 70
1,crib,m,b,4,9562,,bot,conk,lean 70
1,crib,m,b,4,9571,6,bot,scar,
1,crib,m,nb,1,9680,,top,break,new leader
1,crib,m,nb,1,9680,,bot,operational,new leader
1,crib,m,nb,1,9681,,bot,scar,
1,crib,m,nb,1,9988,,bot,scar,
1,crib,m,nb,1,9989,,bot,operational,
1,crib,m,nb,10,601,1,bot,operational,
1,crib,m,nb,10,602,,bot,operational,
1,crib,m,nb,10,603,,bot,cavity,narrow stip of live cambium
1,crib,m,nb,10,603,,bot,scar,narrow stip of live cambium
1,crib,m,nb,10,604,,bot,operational,
1,crib,m,nb,10,605,,bot,scar,"very lanky, little live crown"
1,crib,m,nb,10,608,,bot,cavity,
1,crib,m,nb,10,613,3,bot,scar,
1,crib,m,nb,3,9685,,bot,operational,
1,crib,m,nb,3,9687,2,top,break,new leader
1,crib,m,nb,3,9688,3,top,break,very little live crown
1,crib,m,nb,3,9691,5,bot,operational,
1,crib,m,nb,3,9694,,bot,operational,
1,crib,m,nb,3,9695,,bot,operational,
1,crib,m,nb,3,9699,,top,break,
1,crib,m,nb,3,9699,,bot,operational,
1,crib,m,nb,3,9700,7,top,break,no new leader
1,crib,m,nb,3,9700,7,bot,dead wood,no new leader
1,crib,m,nb,3,9701,7,top,break,"no new leader, souds dead"
1,crib,m,nb,3,9701,7,bot,dead wood,"no new leader, souds dead"
1,crib,m,nb,5,9864,3,bot,cavity,
1,crib,m,nb,5,9868,6,bot,cavity,
1,crib,m,nb,5,9869,,bot,scar,
1,crib,m,nb,5,9870,7,bot,rot,lean 20
1,crib,m,nb,5,9870,7,mid,rot,lean 20
1,crib,m,nb,6,640,,bot,scar,
1,crib,m,nb,6,642,,bot,healed scar,
1,crib,m,nb,6,618,,bot,operational,
1,crib,m,nb,6,623,2,top,break,no leader
1,crib,m,nb,6,623,2,mid,break,no leader
1,crib,m,nb,6,623,2,bot,conk,no leader
1,crib,m,nb,6,624,,mid,cavity,
1,crib,m,nb,6,624,,bot,mold?,
1,crib,m,nb,6,626,,bot,mold?,
1,crib,m,nb,6,627,4,bot,mold?,
1,crib,m,nb,6,629,,bot,honey suckle,
1,crib,m,nb,6,631,5,mid,scar,
1,crib,m,nb,6,633,6,bot,cavity,
1,crib,np,b,10,9937,,bot,scar,
1,crib,np,b,10,9939,,bot,scar,
1,crib,np,b,10,9940,,bot,scar,
1,crib,np,b,10,9958,5,bot,swell,diameter at 1.6m
1,crib,np,b,10,9953,,bot,swell,
1,crib,np,b,10,9954,,bot,swell,
1,crib,np,b,12,9961,,top,break,missing top
1,crib,np,b,12,9961,,mid,break,missing top
1,crib,np,b,12,9961,,bot,scar,missing top
1,crib,np,b,12,9964,3,mid,bear damage,
1,crib,np,b,12,9964,3,bot,bear damage,
1,crib,np,b,12,9965,3,bot,scar,
1,crib,np,b,12,9966,,bot,scar,
1,crib,np,b,12,9980,11,bot,bear damage,
1,crib,np,b,17,9830,2,top,break,new leader
1,crib,np,b,17,9830,2,bot,cavity,new leader
1,crib,np,b,17,9831,2,top,break,new leader
1,crib,np,b,2,9810,1,bot,scar,
1,crib,np,b,2,9813,2,bot,cavity,
1,crib,np,b,2,9821,7,bot,cavity,laying on gounrd
1,crib,np,b,4,9659,6,top,break,no new leader
1,crib,np,b,4,9659,6,mid,break,no new leader
1,crib,np,b,4,9660,,bot,scar,
1,crib,np,b,4,9666,8,top,break,new leader
1,crib,np,b,4,9666,8,mid,break,new leader
1,crib,np,b,4,9668,,top,break,"toppled, hung up"
1,crib,np,b,4,9670,9,mid,fork,
1,crib,np,b,4,9671,10,bot,scar,
1,crib,np,nb,1,538,,bot,operational,
1,crib,np,nb,1,539,1,bot,break,"resprouting, ht 3m"
1,crib,np,nb,1,540,,bot,operational,
1,crib,np,nb,1,542,,bot,cut,
1,crib,np,nb,1,543,,bot,scar,
1,crib,np,nb,1,556,7,mid,cavity,
1,crib,np,nb,1,556,7,bot,cavity,
1,crib,np,nb,12,9839,10,bot,scar,lean 50
1,crib,np,nb,12,9843,,bot,scar,
1,crib,np,nb,12,9844,,bot,scar,lean 30
1,crib,np,nb,6,570,,bot,scar,"bendy, lean 50"
1,crib,np,nb,7,8909,,bot,scar,
1,crib,np,nb,7,8910,,bot,operational,
1,crib,np,nb,7,8911,1,bot,operational,"short, new leader"
1,crib,np,nb,7,8911,1,bot,break,"short, new leader"
1,crib,np,nb,7,8912,1,top,break,lean 50
1,crib,np,nb,7,8913,2,bot,operational,
1,crib,np,nb,9,806,,bot,scar,sweep lower 1/3
1,crib,np,nb,9,807,,bot,scar,
1,crib,np,nb,9,808,,bot,scar,
1,crib,np,nb,9,810,,bot,canker,lean 60
1,crib,np,nb,9,813,2,bot,cavity,
1,crib,np,nb,9,817,,bot,scar,healed scar
1,dun,ls,b,10,9595,3,bot,scar,
1,dun,ls,b,10,9600,,top,deadtop,lean -10 (below tree base)
1,dun,ls,b,10,9444,,bot,cavity,lean 45
1,dun,ls,b,10,9452,6,top,deadtop,few sprouts
1,dun,ls,b,10,9454,7,bot,scar,
1,dun,ls,b,10,9458,9,bot,scar,
1,dun,ls,b,10,9459,9,top,deadtop,new leader
1,dun,ls,b,10,9460,,bot,large dead sprout,
1,dun,ls,b,10,9465,,bot,fork,
1,dun,ls,b,17,9471,4,bot,break,no new leader
1,dun,ls,b,17,9472,,bot,break,"no leader, lean 45, few sprouts"
1,dun,ls,b,17,9473,,bot,scar,
1,dun,ls,b,17,9479,6,bot,large dead sprout,
1,dun,ls,b,17,9471,4,bot,cavity,no new leader
1,dun,ls,b,20,9851,1,top,deadtop,lean 0
1,dun,ls,b,20,9856,,bot,scar,
1,dun,ls,b,20,9868,,mid,break,"lean 45, no new leader"
1,dun,ls,b,20,9868,,mid,turkey tail,"lean 45, no new leader"
1,dun,ls,b,20,9868,,bot,turkey tail,"lean 45, no new leader"
1,dun,ls,b,20,9870,7,bot,break,top and mid hanging
1,dun,ls,b,7,4339,,bot,scar,
1,dun,ls,b,7,4342,,bot,scar,
1,dun,ls,nb,1,4240,,mid,cavity,
1,dun,ls,nb,1,4240,,bot,cavity,
1,dun,ls,nb,1,4241,,bot,cavity,
1,dun,ls,nb,1,4242,,mid,cavity,
1,dun,ls,nb,1,4242,,bot,cavity,
1,dun,ls,nb,1,4243,,bot,scar,
1,dun,ls,nb,1,4244,,bot,scar,
1,dun,ls,nb,1,4255,,bot,scar,
1,dun,ls,nb,1,4263,2,top,break,
1,dun,ls,nb,10,4179,1,top,deadtop,
1,dun,ls,nb,10,4194,,top,break,
1,dun,ls,nb,10,4195,,top,fork,
1,dun,ls,nb,3,4201,1,top,break,
1,dun,ls,nb,3,4210,,bot,scar,
1,dun,ls,nb,3,4212,3,bot,scar,
1,dun,ls,nb,3,4213,,bot,cavity,
1,dun,ls,nb,3,4215,4,top,break,
1,dun,ls,nb,3,4216,,bot,cavity,
1,dun,ls,nb,3,4217,,bot,cavity,
1,dun,ls,nb,3,4219,,bot,cavity,
1,dun,ls,nb,3,4220,5,bot,cavity,
1,dun,ls,nb,6,4145,1,bot,scar,
1,dun,ls,nb,6,4147,,bot,scar,
1,dun,ls,nb,6,4148,,bot,scar,
1,dun,ls,nb,6,4150,2,bot,scar,
1,dun,ls,nb,6,4152,,top,break,
1,dun,ls,nb,6,4152,,bot,scar,
1,dun,ls,nb,6,4166,,bot,scar,merge biltmore
1,dun,ls,nb,6,4170,5,bot,scar,
1,dun,ls,nb,6,4172,6,bot,scar,
1,dun,ls,nb,8,4265,,bot,scar,
1,dun,ls,nb,8,4266,1,bot,scar,
1,dun,ls,nb,8,4267,1,bot,scar,
1,dun,ls,nb,8,4291,,bot,cavity,
1,dun,ls,nb,8,4296,5,bot,scar,
1,dun,m,b,1,3181,,bot,break,
1,dun,m,b,1,3182,,bot,scar,
1,dun,m,b,1,3185,,bot,cavity,
1,dun,m,b,1,3186,,mid,scar,
1,dun,m,b,1,3186,,bot,scar,
1,dun,m,b,1,3187,,bot,scar,
1,dun,m,b,1,3189,,bot,scar,
1,dun,m,b,1,3190,,bot,scar,
1,dun,m,b,1,3190,,bot,cavity,
1,dun,m,b,1,3192,,bot,scar,
1,dun,m,b,1,3194,,bot,scar,
1,dun,m,b,1,3198,,mid,fork,
1,dun,m,b,1,3198,,bot,scar,
1,dun,m,b,1,3202,,bot,cavity,
1,dun,m,b,10,3324,,mid,fork,
1,dun,m,b,10,3328,,bot,operational,
1,dun,m,b,10,3331,,bot,operational,
1,dun,m,b,10,3332,,top,deadtop,
1,dun,m,b,3,3349,,bot,operational,
1,dun,m,b,3,3361,,bot,scar,
1,dun,m,b,3,3363,,bot,scar,
1,dun,m,b,6,3367,,bot,scar,
1,dun,m,b,6,3371,,bot,scar,
1,dun,m,b,9,3002,,bot,scar,
1,dun,m,b,9,3007,,bot,operational,
1,dun,m,b,9,3016,,bot,operational,
1,dun,m,nb,1,4133,,bot,scar,
1,dun,m,nb,1,4136,,bot,scar,
1,dun,m,nb,1,4139,,mid,scar,
1,dun,m,nb,1,4140,,mid,break,
1,dun,m,nb,1,4140,,bot,cavity,
1,dun,m,nb,1,4139,,mid,deadtop,
1,dun,m,nb,10,4011,,bot,operational,
1,dun,m,nb,10,4029,1,bot,scar,lean 60
1,dun,m,nb,10,4030,1,bot,scar,dead lower branches
1,dun,m,nb,10,4031,,bot,scar,
1,dun,m,nb,10,4032,,mid,break,new leader
1,dun,m,nb,10,4032,,bot,scar,new leader
1,dun,m,nb,10,4033,,bot,scar,
1,dun,m,nb,10,4034,,mid,fork,
1,dun,m,nb,10,4037,,bot,scar,
1,dun,m,nb,10,4051,,bot,cavity,
1,dun,m,nb,10,4052,,bot,scar,
1,dun,m,nb,10,4052,,bot,cavity,
1,dun,m,nb,10,4055,,bot,operational,
1,dun,m,nb,3,4120,,top,deadtop,
1,dun,m,nb,3,4121,,mid,cavity,golden chinquapin
1,dun,m,nb,3,4123,2,bot,scar,
1,dun,m,nb,3,4125,,top,conk,
1,dun,m,nb,3,4125,,bot,conk,
1,dun,m,nb,3,4127,,top,break,
1,dun,m,nb,3,4128,3,bot,scar,
1,dun,m,nb,3,4132,,bot,cavity,
1,dun,m,nb,6,4079,2,bot,cavity,
1,dun,m,nb,6,4081,,bot,scar,
1,dun,m,nb,6,4085,4,top,break,"merge, new leader"
1,dun,m,nb,6,4115,9,bot,cavity,
1,dun,m,nb,6,4116,,top,break,"lean 0, on ground"
1,dun,np,b,1,3093,,bot,break,
1,dun,np,b,1,3096,,mid,scar,
1,dun,np,b,1,3096,,bot,scar,
1,dun,np,b,1,3099,,bot,cavity,
1,dun,np,b,1,3101,,bot,cavity,
1,dun,np,b,1,3102,,top,conk,
1,dun,np,b,1,3102,,mid,conk,
1,dun,np,b,1,3102,,bot,scar,
1,dun,np,b,1,3102,,bot,conk,
1,dun,np,b,1,3103,,mid,conk,
1,dun,np,b,1,3103,,bot,conk,
1,dun,np,b,1,3107,,mid,conk,
1,dun,np,b,1,3107,,bot,conk,
1,dun,np,b,11,9786,,bot,scar,
1,dun,np,b,11,9790,,mid,conk,
1,dun,np,b,11,9790,,bot,conk,
1,dun,np,b,11,9792,,bot,operational,
1,dun,np,b,11,9793,,mid,break,
1,dun,np,b,11,9794,,top,break,
1,dun,np,b,11,9795,,top,break,
1,dun,np,b,11,9796,,top,break,
1,dun,np,b,11,9797,,mid,break,
1,dun,np,b,11,9798,,mid,break,
1,dun,np,b,11,9799,,mid,fork,
1,dun,np,b,11,9800,,bot,scar,
1,dun,np,b,11,9902,,bot,cavity,
1,dun,np,b,11,9904,,bot,fork,
1,dun,np,b,11,9905,,bot,operational,
1,dun,np,b,11,9906,,bot,conk,
1,dun,np,b,11,9907,,bot,break,
1,dun,np,b,4,3069,,mid,scar,
1,dun,np,b,4,3069,,bot,cavity,
1,dun,np,b,4,3069,,bot,scar,
1,dun,np,b,4,3070,,mid,break,
1,dun,np,b,4,3071,,bot,conk,
1,dun,np,b,4,3071,,mid,conk,
1,dun,np,b,4,3075,,bot,cavity,
1,dun,np,b,5,3055,,mid,fork,
1,dun,np,b,5,3055,,bot,scar,
1,dun,np,b,5,3056,,bot,scar,
1,dun,np,b,5,3056,,bot,cavity,
1,dun,np,b,5,3057,,mid,fork,
1,dun,np,b,5,3057,,bot,scar,
1,dun,np,b,5,3057,,bot,cavity,
1,dun,np,b,5,3059,,bot,scar,
1,dun,np,b,5,3060,,top,fork,
1,dun,np,b,5,3060,,mid,break,
1,dun,np,b,5,3061,,top,fork,
1,dun,np,b,5,3061,,mid,fork,
1,dun,np,b,5,3062,,top,break,
1,dun,np,b,5,3063,,top,break,
1,dun,np,b,5,3063,,mid,scar,
1,dun,np,b,5,3064,,bot,scar,
1,dun,np,b,5,3064,,bot,cavity,
1,dun,np,b,7,9768,,bot,scar,
1,dun,np,b,7,9772,2,bot,scar,
1,dun,np,b,7,9773,2,bot,scar,
1,dun,np,b,7,9775,,bot,scar,
1,dun,np,b,7,9778,,bot,scar,
1,dun,np,b,7,9779,,bot,scar,
1,dun,np,b,7,9780,,bot,scar,
1,dun,np,b,7,9781,,bot,scar,
1,dun,np,b,7,9782,,bot,scar,
1,dun,np,b,7,9783,,bot,operational,
1,dun,np,nb,1,9950,,mid,scar,
1,dun,np,nb,1,9962,,bot,break,
1,dun,np,nb,1,9967,,bot,scar,
1,dun,np,nb,1,9969,,bot,operational,
1,dun,np,nb,1,9969,,bot,scar,
1,dun,np,nb,10,3037,,top,break,
1,dun,np,nb,10,3043,,bot,scar,
1,dun,np,nb,10,3049,,top,break,
1,dun,np,nb,10,3049,,top,fork,
1,dun,np,nb,10,3051,,bot,scar,
1,dun,np,nb,2,9970,,mid,fork,
1,dun,np,nb,2,9973,1,bot,scar,
1,dun,np,nb,2,9973,1,bot,operational,
1,dun,np,nb,2,9976,,top,deadtop,
1,dun,np,nb,2,9981,,bot,operational,
1,dun,np,nb,4,3108,,mid,scar,
1,dun,np,nb,4,3109,,mid,scar,
1,dun,np,nb,4,3109,,bot,scar,
1,dun,np,nb,4,3111,,bot,scar,
1,dun,np,nb,4,3112,,bot,scar,
1,dun,np,nb,4,3115,,bot,fork,
1,dun,np,nb,4,3115,,bot,cavity,
1,dun,np,nb,4,3116,,bot,break,
1,dun,np,nb,4,3119,,bot,scar,
1,dun,np,nb,4,3126,,bot,scar,
1,dun,np,nb,4,3128,,bot,fork,
1,dun,np,nb,4,3130,,bot,scar,
1,dun,np,nb,8,3134,,mid,scar,
1,dun,np,nb,8,3138,,bot,scar,
1,dun,np,nb,8,3141,,top,fork,
1,dun,np,nb,8,3148,,top,break,
1,dun,np,nb,8,3148,,bot,operational,
1,dun,np,nb,8,3152,1,mid,fork,
1,dun,np,nb,8,3154,,bot,cavity,
1,fair,ls,b,10,3680,6,bot,cavity,
1,fair,ls,b,2,3235,,top,deadtop,"lean 30, new leader"
1,fair,ls,b,8,3640,,bot,scar,
1,fair,ls,nb,1,717,,bot,scar,
1,fair,ls,nb,1,724,,bot,cavity,
1,fair,ls,nb,1,728,,bot,scar,
1,fair,ls,nb,1,729,,bot,scar,
1,fair,ls,nb,1,737,,bot,canker,
1,fair,ls,nb,1,738,,bot,scar,
1,fair,ls,nb,1,746,,bot,scar,
1,fair,ls,nb,1,748,,bot,scar,
1,fair,ls,nb,1,749,,bot,operational,
1,fair,ls,nb,11,9716,,bot,scar,
1,fair,ls,nb,11,9720,,bot,scar,
1,fair,ls,nb,11,9727,,mid,scar,
1,fair,ls,nb,11,9727,,bot,scar,
1,fair,ls,nb,11,9733,,bot,scar,
1,fair,ls,nb,11,9734,,bot,scar,
1,fair,ls,nb,11,9746,6,bot,scar,
1,fair,ls,nb,4,9632,,bot,scar,no new leader
1,fair,ls,nb,4,9635,,bot,conk,most of bole circumfrenece dead
1,fair,ls,nb,4,9635,,bot,scar,most of bole circumfrenece dead
1,fair,ls,nb,4,9640,,bot,scar,
1,fair,ls,nb,4,9641,3,bot,scar,
1,fair,ls,nb,4,9641,3,bot,conk,
1,fair,ls,nb,4,9643,,bot,scar,"toppled, hung up, lean 30"
1,fair,ls,nb,4,9679,,bot,scar,
1,fair,ls,nb,4,9632,,mid,break,no new leader
1,fair,ls,nb,5,9230,,bot,scar,
1,fair,ls,nb,5,9259,7,bot,scar,
1,fair,ls,nb,5,9266,9,bot,scar,
1,fair,ls,nb,5,9267,,bot,scar,
1,fair,ls,nb,5,9268,,bot,cavity,
1,fair,ls,nb,5,9273,10,bot,split,bole broken but still attached
1,fair,ls,nb,5,9276,,bot,scar,old fire scar
1,fair,ls,nb,7,9216,,bot,scar,
1,fair,ls,nb,7,9218,7,top,break,new leader
1,fair,ls,nb,7,9218,7,mid,scar,new leader
1,fair,ls,nb,7,9218,7,bot,scar,new leader
1,fair,ls,nb,7,9218,7,bot,conk,new leader
1,fair,ls,nb,7,9220,9,top,honey suckle,
1,fair,ls,nb,7,9220,9,mid,honeysuckle,
1,fair,ls,nb,7,9221,10,bot,scar,
1,fair,ls,nb,7,9223,,bot,scar,
1,fair,m,b,10,3541,,bot,cavity,
1,fair,m,b,10,3518,1,bot,cavity,
1,fair,m,b,10,3520,,bot,operational,
1,fair,m,b,10,3528,,bot,scar,
1,fair,m,b,10,3531,4,bot,scar,
1,fair,m,b,10,3535,,bot,scar,
1,fair,m,b,3,3595,,bot,cavity,
1,fair,m,b,3,3598,,mid,operational,lean
1,fair,m,b,3,3600,,bot,scar,
1,fair,m,b,4,3569,,bot,scar,
1,fair,m,b,4,3571,,bot,scar,
1,fair,m,b,4,3572,,bot,scar,
1,fair,m,b,6,3625,,bot,operational,
1,fair,m,b,6,3626,,bot,operational,
1,fair,m,b,6,3628,,bot,operational,
1,fair,m,b,6,3618,5,bot,operational,
1,fair,m,b,6,3622,7,bot,scar,lean
1,fair,m,b,6,3624,7,bot,scar,
1,fair,m,b,7,3544,2,bot,operational,
1,fair,m,b,7,3545,3,mid,break,
1,fair,m,b,7,3548,5,bot,operational,
1,fair,m,b,7,3557,8,bot,scar,
1,fair,m,nb,1,9611,,bot,scar,
1,fair,m,nb,1,9612,,mid,break,
1,fair,m,nb,1,9613,,top,break,
1,fair,m,nb,1,9613,,mid,break,
1,fair,m,nb,1,9615,,top,break,
1,fair,m,nb,1,9618,,mid,break,
1,fair,m,nb,1,9619,,top,deadtop,
1,fair,m,nb,1,9619,,bot,cavity,
1,fair,m,nb,1,9621,,top,deadtop,
1,fair,m,nb,1,9624,,bot,scar,
1,fair,m,nb,1,9626,,bot,break,
1,fair,m,nb,1,9626,,bot,scar,
1,fair,m,nb,1,9629,,top,deadtop,
1,fair,m,nb,1,9629,,bot,scar,
1,fair,m,nb,1,9630,2,bot,scar,
1,fair,m,nb,1,9634,3,top,deadtop,
1,fair,m,nb,1,9635,,top,break,
1,fair,m,nb,11,9912,1,mid,break,
1,fair,m,nb,11,9913,1,mid,break,
1,fair,m,nb,11,9913,1,bot,scar,
1,fair,m,nb,11,9916,2,top,fork,
1,fair,m,nb,11,9916,2,bot,scar,
1,fair,m,nb,11,9916,2,bot,cavity,
1,fair,m,nb,11,9917,2,bot,cavity,
1,fair,m,nb,11,9919,,bot,scar,dying
1,fair,m,nb,11,9920,,bot,cavity,
1,fair,m,nb,11,9921,,top,break,
1,fair,m,nb,11,9922,,top,break,
1,fair,m,nb,11,9923,,top,break,
1,fair,m,nb,11,9924,3,mid,break,
1,fair,m,nb,11,9925,3,top,break,
1,fair,m,nb,11,9927,,bot,fork,
1,fair,m,nb,11,9928,,bot,conk,
1,fair,m,nb,11,9929,,mid,break,
1,fair,m,nb,11,9929,,bot,fork,
1,fair,m,nb,11,9931,,bot,scar,
1,fair,m,nb,11,9933,,bot,scar,
1,fair,m,nb,11,9938,,top,fork,
1,fair,m,nb,11,9939,,bot,operational,
1,fair,m,nb,11,9940,,top,break,
1,fair,m,nb,11,9941,,bot,scar,
1,fair,m,nb,11,9942,,mid,break,
1,fair,m,nb,11,9942,,bot,operational,
1,fair,m,nb,11,9943,,top,break,
1,fair,m,nb,11,9943,,bot,operational,
1,fair,m,nb,11,9944,,mid,scar,
1,fair,m,nb,11,9944,,bot,scar,
1,fair,m,nb,11,9947,,top,break,
1,fair,m,nb,11,9948,,bot,operational,
1,fair,m,nb,13,3001,,bot,operational,
1,fair,m,nb,13,3003,,mid,operational,
1,fair,m,nb,13,3003,,bot,operational,
1,fair,m,nb,13,3003,,bot,scar,
1,fair,m,nb,13,3004,,bot,scar,
1,fair,m,nb,13,3006,,bot,operational,
1,fair,m,nb,13,3008,,mid,scar,
1,fair,m,nb,13,3009,,bot,scar,
1,fair,m,nb,13,3010,,mid,scar,
1,fair,m,nb,13,3013,1,bot,operational,
1,fair,m,nb,13,3018,,bot,scar,
1,fair,m,nb,13,3022,,bot,conk,
1,fair,m,nb,13,3023,,mid,conk,
1,fair,m,nb,13,3023,,bot,conk,
1,fair,m,nb,13,3023,,bot,operational,
1,fair,m,nb,3,9735,,mid,cavity,
1,fair,m,nb,3,9736,,bot,scar,
1,fair,m,nb,7,3160,,top,deadtop,
1,fair,m,nb,7,3160,,bot,scar,
1,fair,m,nb,7,3162,,top,fork,
1,fair,m,nb,7,3165,,bot,scar,
1,fair,m,nb,7,3168,,top,fork,
1,fair,m,nb,7,3175,,mid,fork,
1,fair,m,nb,7,3176,,mid,break,
1,fair,m,nb,7,3180,,bot,scar,
1,fair,np,b,2,9607,2,mid,cavity,
1,fair,np,b,2,9607,2,bot,operational,
1,fair,np,b,2,9608,,mid,scar,
1,fair,np,b,2,9608,,bot,scar,
1,fair,np,b,2,9611,,bot,scar,
1,fair,np,b,2,9621,,bot,scar,
1,fair,np,b,2,9625,,bot,operational,
1,fair,np,b,2,9626,3,bot,operational,
1,fair,np,b,2,9629,3,bot,operational,
1,fair,np,b,2,9627,,bot,scar,dead crown at 1
1,fair,np,b,3,3043,,mid,scar,
1,fair,np,b,3,3043,,bot,scar,
1,fair,np,b,3,3059,,bot,scar,dead crown at 0
1,fair,np,b,3,3061,,bot,scar,dead crown at 0
1,fair,np,b,3,3062,,bot,scar,dead crown at 0
1,fair,np,b,3,3066,,bot,scar,dead crown at 0
1,fair,np,b,3,3070,,bot,scar,small animal chewed
1,fair,np,b,3,3054,4,bot,cavity,
1,fair,np,b,5,3027,,top,break,
1,fair,np,b,5,3028,,bot,pitch,
1,fair,np,b,7,3013,3,bot,cavity,lean
1,fair,np,b,7,3023,8,bot,scar,
1,fair,np,b,7,3025,,bot,cavity,
1,fair,np,b,9,3272,,bot,operational,
1,fair,np,b,9,3274,,mid,broken branches,
1,fair,np,b,9,3275,,bot,sweep,
1,fair,np,b,9,3288,,bot,scar,
1,fair,np,b,9,3289,,mid,cavity,lean
1,fair,np,b,9,3289,,bot,scar,lean
1,fair,np,b,9,3291,,bot,scar,
1,fair,np,b,9,3292,1,bot,scar,
1,fair,np,b,9,3293,1,top,break,
1,fair,np,b,9,3404,,bot,scar,
1,fair,np,nb,1,9565,,bot,conk,
1,fair,np,nb,1,9567,,bot,conk,
1,fair,np,nb,1,9570,2,top,deadtop,
1,fair,np,nb,1,9571,2,top,deadtop,
1,fair,np,nb,1,9571,2,bot,operational,
1,fair,np,nb,1,9572,,mid,conk,
1,fair,np,nb,1,9572,,bot,scar,
1,fair,np,nb,1,9573,3,bot,scar,
1,fair,np,nb,1,9574,,bot,scar,
1,fair,np,nb,1,9575,,bot,conk,
1,fair,np,nb,10,753,,bot,operational,
1,fair,np,nb,10,757,,bot,operational,tore up base
1,fair,np,nb,10,758,,bot,scar,healed
1,fair,np,nb,10,764,,bot,operational,
1,fair,np,nb,10,765,,bot,operational,
1,fair,np,nb,10,767,,bot,operational,
1,fair,np,nb,10,768,,bot,operational,
1,fair,np,nb,10,772,3,bot,operational,
1,fair,np,nb,10,776,,bot,operational,
1,fair,np,nb,3,9545,1,top,break,
1,fair,np,nb,3,9551,3,bot,cavity,clump out 56
1,fair,np,nb,3,9553,3,bot,scar,broke off 9551 on ground tree-like branches
1,fair,np,nb,3,9557,,bot,operational,
1,fair,np,nb,3,9561,4,bot,operational,
1,fair,np,nb,5,9523,1,top,fork,
1,fair,np,nb,5,9524,2,top,sparse,
1,fair,np,nb,5,9525,,top,witches broom,
1,fair,np,nb,5,9537,,mid,scar,
1,fair,np,nb,5,9537,,bot,scar,
1,fair,np,nb,5,9538,,bot,scar,
1,fair,np,nb,5,9540,,bot,operational,lean 70
1,fair,np,nb,5,9541,,bot,scar,
1,fair,np,nb,5,9542,,bot,scar,
1,fair,np,nb,7,9501,,bot,scar,
1,fair,np,nb,7,9502,,top,break,new leader
1,fair,np,nb,7,9502,,mid,scar,new leader
1,fair,np,nb,7,9502,,bot,scar,new leader
1,fair,np,nb,7,9507,3,bot,cavity,
1,fair,np,nb,7,9509,4,bot,scar,"downed snag at BH, biltmore"
1,fair,np,nb,7,9510,4,bot,scar,"downed snag at BH, biltmore"
1,fair,np,nb,7,9511,,mid,scar,on ground
1,fair,np,nb,7,9511,,bot,scar,on ground
1,fair,np,nb,7,9512,5,bot,operational,
1,fair,np,nb,7,9516,,top,break,
1,fair,np,nb,7,9519,6,bot,scar,merge bilt
1,fair,np,nb,7,9520,6,bot,scar,
1,hare,ls,b,12,634,7,bot,scar,
1,hare,ls,b,12,635,,bot,scar,
1,hare,ls,b,12,637,,bot,scar,
1,hare,ls,b,12,645,10,top,honey suckle,
1,hare,ls,b,12,647,10,top,cavity,
1,hare,ls,b,2,674,3,bot,operational,
1,hare,ls,b,2,677,,bot,scar,
1,hare,ls,b,2,679,4,bot,operational,
1,hare,ls,b,2,681,,bot,scar,
1,hare,ls,b,2,683,,top,conk,
1,hare,ls,b,2,683,,mid,conk,
1,hare,ls,b,6,649,,bot,fork,
1,hare,ls,b,6,654,4,mid,flagging,
1,hare,ls,b,6,655,3,mid,flagging,
1,hare,ls,b,6,656,3,mid,flagging,
1,hare,ls,b,6,657,5,bot,cavity,
1,hare,ls,b,6,658,5,bot,cavity,
1,hare,ls,b,6,664,,top,flagging,
1,hare,ls,b,6,664,,bot,scar,
1,hare,ls,nb,10,3508,1,mid,break,
1,hare,ls,nb,10,3509,1,bot,cavity,
1,hare,ls,nb,2,3916,1,bot,operational,
1,hare,ls,nb,4,3942,4,bot,break,
1,hare,ls,nb,4,3943,4,bot,operational,
1,hare,ls,nb,4,3951,,bot,cavity,
1,hare,ls,nb,6,3964,,bot,operational,
1,hare,ls,nb,9,3988,3,bot,scar,
1,hare,m,b,1,971,,bot,scar,
1,hare,m,b,1,972,,bot,scar,
1,hare,m,b,1,980,,mid,scar,large scar
1,hare,m,b,1,980,,bot,scar,large scar
1,hare,m,b,1,986,,bot,scar,edge skid
1,hare,m,b,1,987,,bot,scar,edge skid
1,hare,m,b,4,938,,bot,scar,
1,hare,m,b,4,941,,bot,scar,
1,hare,m,b,4,947,,bot,scar,
1,hare,m,b,5,865,2,bot,scar,
1,hare,m,b,5,849,,bot,scar,
1,hare,m,b,5,851,,bot,healed scar,
1,hare,m,b,8,904,,bot,scar,
1,hare,m,b,8,905,,bot,scar,
1,hare,m,b,8,917,,bot,scar,lean
1,hare,m,b,8,922,5,bot,scar,
1,hare,m,b,8,931,,bot,scar,lean
1,hare,m,b,8,930,6,top,break,
1,hare,m,b,9,808,,mid,conk,
1,hare,m,b,9,808,,bot,conk,
1,hare,m,b,9,809,,bot,operational,
1,hare,m,b,9,810,1,bot,operational,
1,hare,m,b,9,815,,bot,operational,
1,hare,m,b,9,816,,bot,scar,
1,hare,m,b,9,819,,bot,operational,
1,hare,m,b,9,820,,top,break,
1,hare,m,b,9,820,,mid,operational,
1,hare,m,b,9,820,,bot,operational,
1,hare,m,b,9,832,,bot,operational,
1,hare,m,nb,1,3757,,top,break,
1,hare,m,nb,1,3766,6,bot,cavity,
1,hare,m,nb,1,3775,11,bot,operational,
1,hare,m,nb,10,996,3,mid,scar,
1,hare,m,nb,10,996,3,bot,scar,
1,hare,m,nb,10,998,,top,break,
1,hare,m,nb,3,3731,,mid,conk,
1,hare,m,nb,3,3731,,bot,conk,
1,hare,m,nb,3,3749,,bot,scar,diameter @ 1.9 m
1,hare,m,nb,3,3750,,top,break,
1,hare,m,nb,3,3750,,bot,scar,
1,hare,m,nb,3,3751,,bot,operational,
1,hare,m,nb,3,3752,,bot,operational,
1,hare,m,nb,5,3715,,bot,scar,
1,hare,m,nb,5,3718,2,bot,scar,lean
1,hare,m,nb,5,3723,,bot,operational,
1,hare,m,nb,5,3726,,bot,cavity,
1,hare,m,nb,5,3728,4,bot,scar,
1,hare,m,nb,5,3708,8,bot,cavity,extreme lean
1,hare,m,nb,9,3808,,mid,scar,extensive damage
1,hare,m,nb,9,3808,,bot,scar,extensive damage
1,hare,m,nb,9,3811,4,bot,healed scar,
1,hare,m,nb,9,3836,,bot,scar,
1,hare,np,b,1,519,,bot,operational,
1,hare,np,b,1,526,,bot,operational,
1,hare,np,b,1,527,,bot,operational,
1,hare,np,b,1,528,2,bot,break,bole semi-circle
1,hare,np,b,1,528,2,bot,fork,bole semi-circle
1,hare,np,b,1,528,2,top,deadtop,bole semi-circle
1,hare,np,b,3,556,,bot,cavity,
1,hare,np,b,3,558,3,bot,operational,
1,hare,np,b,3,560,,bot,operational,
1,hare,np,b,3,562,,bot,cavity,
1,hare,np,b,3,565,,bot,operational,
1,hare,np,b,4,593,,bot,operational,
1,hare,np,b,4,9722,,bot,break,
1,hare,np,b,4,9722,,bot,fork,
1,hare,np,b,8,733,,bot,operational,
1,hare,np,b,8,734,,bot,operational,
1,hare,np,b,8,739,,bot,operational,
1,hare,np,b,8,749,,mid,conk,
1,hare,np,b,8,749,,bot,conk,
1,hare,np,nb,1,3898,,bot,conk,
1,hare,np,nb,11,3778,,bot,operational,
1,hare,np,nb,11,3779,,bot,break,
1,hare,np,nb,11,3780,,bot,operational,
1,hare,np,nb,11,3781,,bot,operational,
1,hare,np,nb,11,3785,,bot,canker,
1,hare,np,nb,11,3792,,bot,scar,
1,hare,np,nb,11,3799,,bot,scar,lean
1,hare,np,nb,5,3885,2,mid,break,
1,hare,np,nb,5,3886,2,bot,break,
1,hare,np,nb,5,3892,,bot,cavity,1/2 of tree missing
1,hare,np,nb,6,3868,,bot,scar,
1,bob,m,b,2,3464,,top,deadtop,
1,bob,m,nb,2,3289,,top,break,
1,bob,m,nb,2,3289,,bot,conk,
1,bob,m,nb,2,3290,,bot,scar,
1,bob,m,nb,2,3291,,mid,cavity,
1,bob,m,nb,2,3291,,bot,scar,
1,bob,np,b,10,3221,,bot,scar,
1,bob,np,b,10,3224,,mid,fork,
1,camp8,m,nb,2,3267,,bot,scar,
1,camp8,m,nb,2,3273,,bot,scar,
1,camp8,m,nb,2,3274,,bot,operational,
1,camp8,m,nb,2,3275,,bot,scar,
1,camp8,m,nb,2,3275,,top,break,
1,camp8,m,nb,2,3282,,bot,scar,
1,camp8,m,nb,2,3284,,mid,scar,
1,camp8,m,nb,2,3284,,bot,scar,
1,camp8,m,nb,2,3285,,bot,scar,
1,camp8,m,nb,2,3285,,bot,operational,
1,camp8,m,nb,2,3286,,bot,operational,
1,camp8,np,b,6,3219,,top,spur,
1,camp8,np,b,6,3221,,top,operational,lean 45
1,camp8,np,b,6,3221,,bot,operational,lean 45
1,camp8,np,b,6,3222,,top,deadtop,lean 45
1,camp8,np,b,6,3222,,bot,operational,lean 45
1,camp8,np,b,6,3226,,top,break,
1,camp8,np,b,6,3227,,mid,fork,
1,camp8,np,b,6,3227,,mid,spur,
1,camp8,np,b,6,3229,,top,break,
1,camp8,np,b,6,3231,,bot,operational,
1,dun,ls,b,11,3411,,bot,scar,
1,dun,ls,b,11,3413,,bot,scar,
1,fair,ls,b,6,3434,,bot,scar,
1,fair,ls,b,6,3436,,bot,scar,
1,fair,ls,b,6,3439,1,bot,crook,
1,fair,ls,b,6,3441,,bot,spur,
1,fair,ls,b,6,3443,,bot,scar,
1,fair,ls,b,6,3449,,bot,scar,
1,fair,ls,b,6,3450,,bot,scar,
1,fair,ls,b,6,3451,,bot,scar,
1,fair,ls,b,7,3501,1,mid,fork,
1,fair,ls,b,7,3502,1,top,break,
1,fair,ls,b,7,3504,,top,break,
1,fair,ls,b,7,3505,,top,deadtop,
1,fair,ls,b,7,3506,,top,break,
1,fair,ls,b,7,3510,,bot,scar,
1,fair,ls,b,7,3513,,mid,break,
1,fair,ls,b,7,3514,,top,break,
1,fair,ls,b,7,3514,,bot,operational,
1,fair,ls,b,7,3516,,top,conk,
1,fair,ls,b,7,3516,,mid,conk,
1,fair,ls,b,7,3516,,bot,conk,
1,fair,ls,b,7,3517,,bot,operational,
1,fair,ls,b,7,3525,,bot,operational,
1,fair,ls,b,7,3528,,bot,operational,
1,fair,ls,b,7,3531,,mid,operational,
1,fair,ls,b,7,3531,,bot,operational,
1,fair,ls,b,7,3533,2,top,break,
1,fair,ls,b,7,3534,3,top,break,
1,fair,ls,b,7,3536,,bot,operational,
1,fair,ls,b,7,3537,4,bot,operational,
1,fair,ls,b,7,3539,,bot,operational,
1,fair,ls,b,7,3540,,top,deadtop,
1,fair,ls,b,7,3541,,mid,operational,
1,fair,ls,b,7,3541,,bot,operational,
1,fair,m,b,2,3549,,bot,operational,
1,fair,m,b,2,3551,,bot,spur,
1,fair,m,b,2,3552,,bot,fork,
1,fair,m,b,2,3553,,bot,spur,
1,fair,m,b,2,3554,,bot,scar,
1,fair,m,b,2,3555,,bot,operational,
1,fair,m,b,2,3556,,top,fork,
1,fair,m,b,2,3556,,bot,spur,
1,fair,m,b,2,3557,,bot,operational,
1,fair,m,b,2,3565,,bot,operational,
1,fair,m,b,2,3567,,bot,operational,
1,fair,m,b,2,3571,2,top,fork,
1,fair,m,nb,2,3378,,bot,scar,
1,fair,m,nb,2,3379,,top,fork,
1,fair,m,nb,2,3379,,bot,scar,
1,fair,m,nb,2,3380,,bot,scar,
1,fair,m,nb,2,3381,1,bot,scar,
1,fair,m,nb,2,3382,2,bot,scar,
1,fair,m,nb,2,3387,,mid,break,
1,fair,m,nb,2,3387,,bot,scar,
1,fair,m,nb,2,3388,,mid,scar,
1,fair,m,nb,2,3388,,bot,scar,
1,fair,m,nb,2,3390,,bot,cavity,
1,fair,m,nb,2,3392,3,bot,scar,
1,fair,m,nb,2,3394,4,mid,fork,
1,fair,m,nb,2,3395,4,mid,fork,
1,fair,m,nb,2,3395,4,bot,scar,
1,fair,m,nb,2,3396,4,mid,break,
1,fair,m,nb,2,3396,4,bot,cavity,
1,fair,m,nb,2,3398,5,mid,fork,
1,fair,m,nb,2,3399,5,mid,fork,
1,fair,m,nb,2,3399,5,bot,cavity,
1,fair,m,nb,2,3207,,bot,scar,
1,fair,m,nb,2,3211,,top,break,
1,fair,m,nb,2,3213,,top,fork,
1,hare,ls,nb,3,3245,,bot,spur,
1,hare,ls,nb,3,3249,1,bot,spur,
1,hare,ls,nb,3,3257,,bot,scar,
1,hare,ls,nb,3,3265,,bot,scar,
1,hare,ls,nb,5,3468,,top,break,
1,hare,ls,nb,5,3468,,bot,conk,
1,hare,ls,nb,5,3470,,top,break,
1,hare,ls,nb,5,3470,,mid,scar,
1,hare,ls,nb,5,3470,,bot,scar,
1,hare,ls,nb,5,3471,,mid,break,
1,hare,ls,nb,5,3472,,bot,scar,
1,hare,ls,nb,5,3477,,mid,scar,
1,hare,ls,nb,5,3478,,mid,scar,
1,hare,ls,nb,5,3478,,bot,operational,
1,hare,ls,nb,5,3479,1,top,break,
1,hare,ls,nb,5,3480,1,top,break,
1,hare,ls,nb,5,3481,,bot,break,
1,bob,ls,nb,5,205,,bot,scar,
1,bob,ls,nb,5,206,,bot,scar,
1,bob,ls,nb,5,209,,bot,scar,
1,bob,ls,nb,5,212,2,bot,scar,
1,bob,ls,nb,5,214,2,bot,scar,
1,bob,ls,nb,5,217,,bot,scar,
1,bob,ls,nb,5,222,,bot,scar,
1,dun,ls,b,22,225,,mid,conk,
1,dun,ls,b,22,225,,bot,conk,
1,dun,ls,b,22,227,,mid,break,
1,dun,ls,b,22,232,,bot,scar,
1,dun,ls,b,22,246,,bot,conk,
1,dun,ls,b,22,246,,mid,conk,
